timestamp,session_id,conn_profile,real_ip,sn,robot_version,menu_choice,action,target,value,side,joint_index,joint_name,step_value,command_value,status,error,left_gripper_est,right_gripper_est,left_arm_estimate,right_arm_estimate,notes,git_branch,git_commit
2026-05-15T10:58:41+08:00,2026-05-15T10:58:36+08:00,real-ip,192.168.1.151,BW_3N5CRT22,3.0,session,connect,,,,,,,,success,,0.800,0.800,"[?, ?, ?, ?, ?, ?, ?]","[?, ?, ?, ?, ?, ?, ?]",,,
2026-05-15T10:59:03+08:00,2026-05-15T10:58:36+08:00,real-ip,192.168.1.151,BW_3N5CRT22,3.0,1,gripper_adjust,right,0.850,right,,,0.050,0.850,success,,0.800,0.850,"[?, ?, ?, ?, ?, ?, ?]","[?, ?, ?, ?, ?, ?, ?]",loosen,,
2026-05-15T10:59:08+08:00,2026-05-15T10:58:36+08:00,real-ip,192.168.1.151,BW_3N5CRT22,3.0,2,gripper_adjust,right,0.800,right,,,0.050,0.800,success,,0.800,0.800,"[?, ?, ?, ?, ?, ?, ?]","[?, ?, ?, ?, ?, ?, ?]",tighten,,
2026-05-15T10:59:15+08:00,2026-05-15T10:58:36+08:00,real-ip,192.168.1.151,BW_3N5CRT22,3.0,2,gripper_adjust,right,0.750,right,,,0.050,0.750,success,,0.800,0.750,"[?, ?, ?, ?, ?, ?, ?]","[?, ?, ?, ?, ?, ?, ?]",tighten,,
2026-05-15T10:59:16+08:00,2026-05-15T10:58:36+08:00,real-ip,192.168.1.151,BW_3N5CRT22,3.0,2,gripper_adjust,right,0.700,right,,,0.050,0.700,success,,0.800,0.700,"[?, ?, ?, ?, ?, ?, ?]","[?, ?, ?, ?, ?, ?, ?]",tighten,,
2026-05-15T10:59:16+08:00,2026-05-15T10:58:36+08:00,real-ip,192.168.1.151,BW_3N5CRT22,3.0,2,gripper_adjust,right,0.650,right,,,0.050,0.650,success,,0.800,0.650,"[?, ?, ?, ?, ?, ?, ?]","[?, ?, ?, ?, ?, ?, ?]",tighten,,
2026-05-15T10:59:17+08:00,2026-05-15T10:58:36+08:00,real-ip,192.168.1.151,BW_3N5CRT22,3.0,2,gripper_adjust,right,0.600,right,,,0.050,0.600,success,,0.800,0.600,"[?, ?, ?, ?, ?, ?, ?]","[?, ?, ?, ?, ?, ?, ?]",tighten,,
2026-05-15T10:59:21+08:00,2026-05-15T10:58:36+08:00,real-ip,192.168.1.151,BW_3N5CRT22,3.0,3,gripper_adjust,left,0.850,left,,,0.050,0.850,success,,0.850,0.600,"[?, ?, ?, ?, ?, ?, ?]","[?, ?, ?, ?, ?, ?, ?]",loosen,,
2026-05-15T10:59:25+08:00,2026-05-15T10:58:36+08:00,real-ip,192.168.1.151,BW_3N5CRT22,3.0,4,gripper_adjust,left,0.800,left,,,0.050,0.800,success,,0.800,0.600,"[?, ?, ?, ?, ?, ?, ?]","[?, ?, ?, ?, ?, ?, ?]",tighten,,
2026-05-15T10:59:25+08:00,2026-05-15T10:58:36+08:00,real-ip,192.168.1.151,BW_3N5CRT22,3.0,4,gripper_adjust,left,0.750,left,,,0.050,0.750,success,,0.750,0.600,"[?, ?, ?, ?, ?, ?, ?]","[?, ?, ?, ?, ?, ?, ?]",tighten,,
2026-05-15T10:59:26+08:00,2026-05-15T10:58:36+08:00,real-ip,192.168.1.151,BW_3N5CRT22,3.0,4,gripper_adjust,left,0.700,left,,,0.050,0.700,success,,0.700,0.600,"[?, ?, ?, ?, ?, ?, ?]","[?, ?, ?, ?, ?, ?, ?]",tighten,,
2026-05-15T10:59:38+08:00,2026-05-15T10:58:36+08:00,real-ip,192.168.1.151,BW_3N5CRT22,3.0,5,open_gripper,right,,right,,,,,cancelled,,0.700,0.600,"[?, ?, ?, ?, ?, ?, ?]","[?, ?, ?, ?, ?, ?, ?]",,,
2026-05-15T10:59:45+08:00,2026-05-15T10:58:36+08:00,real-ip,192.168.1.151,BW_3N5CRT22,3.0,1,gripper_adjust,right,0.650,right,,,0.050,0.650,success,,0.700,0.650,"[?, ?, ?, ?, ?, ?, ?]","[?, ?, ?, ?, ?, ?, ?]",loosen,,
2026-05-15T10:59:47+08:00,2026-05-15T10:58:36+08:00,real-ip,192.168.1.151,BW_3N5CRT22,3.0,1,gripper_adjust,right,0.700,right,,,0.050,0.700,success,,0.700,0.700,"[?, ?, ?, ?, ?, ?, ?]","[?, ?, ?, ?, ?, ?, ?]",loosen,,
2026-05-15T10:59:47+08:00,2026-05-15T10:58:36+08:00,real-ip,192.168.1.151,BW_3N5CRT22,3.0,1,gripper_adjust,right,0.750,right,,,0.050,0.750,success,,0.700,0.750,"[?, ?, ?, ?, ?, ?, ?]","[?, ?, ?, ?, ?, ?, ?]",loosen,,
2026-05-15T10:59:48+08:00,2026-05-15T10:58:36+08:00,real-ip,192.168.1.151,BW_3N5CRT22,3.0,1,gripper_adjust,right,0.800,right,,,0.050,0.800,success,,0.700,0.800,"[?, ?, ?, ?, ?, ?, ?]","[?, ?, ?, ?, ?, ?, ?]",loosen,,
2026-05-15T10:59:48+08:00,2026-05-15T10:58:36+08:00,real-ip,192.168.1.151,BW_3N5CRT22,3.0,1,gripper_adjust,right,0.850,right,,,0.050,0.850,success,,0.700,0.850,"[?, ?, ?, ?, ?, ?, ?]","[?, ?, ?, ?, ?, ?, ?]",loosen,,
2026-05-15T10:59:50+08:00,2026-05-15T10:58:36+08:00,real-ip,192.168.1.151,BW_3N5CRT22,3.0,2,gripper_adjust,right,0.800,right,,,0.050,0.800,success,,0.700,0.800,"[?, ?, ?, ?, ?, ?, ?]","[?, ?, ?, ?, ?, ?, ?]",tighten,,
2026-05-15T10:59:51+08:00,2026-05-15T10:58:36+08:00,real-ip,192.168.1.151,BW_3N5CRT22,3.0,2,gripper_adjust,right,0.750,right,,,0.050,0.750,success,,0.700,0.750,"[?, ?, ?, ?, ?, ?, ?]","[?, ?, ?, ?, ?, ?, ?]",tighten,,
2026-05-15T11:00:03+08:00,2026-05-15T10:58:36+08:00,real-ip,192.168.1.151,BW_3N5CRT22,3.0,8,arm_home,right,,right,,,,,cancelled,,0.700,0.750,"[?, ?, ?, ?, ?, ?, ?]","[?, ?, ?, ?, ?, ?, ?]",,,
2026-05-15T11:00:18+08:00,2026-05-15T10:58:36+08:00,real-ip,192.168.1.151,BW_3N5CRT22,3.0,10,arm_home,both,,both,,,,,cancelled,,0.700,0.750,"[?, ?, ?, ?, ?, ?, ?]","[?, ?, ?, ?, ?, ?, ?]",,,
2026-05-15T11:00:55+08:00,2026-05-15T10:58:36+08:00,real-ip,192.168.1.151,BW_3N5CRT22,3.0,11,single_joint_step,right,0.150,right,1,shoulder_yaw,0.050,0.150,cancelled,,0.700,0.750,"[?, ?, ?, ?, ?, ?, ?]","[?, ?, ?, ?, ?, ?, ?]",,,
2026-05-15T11:01:09+08:00,2026-05-15T10:58:36+08:00,real-ip,192.168.1.151,BW_3N5CRT22,3.0,13,shutdown_safe_pose,right,,right,,,,,cancelled,,0.700,0.750,"[?, ?, ?, ?, ?, ?, ?]","[?, ?, ?, ?, ?, ?, ?]",,,
2026-05-15T11:01:18+08:00,2026-05-15T10:58:36+08:00,real-ip,192.168.1.151,BW_3N5CRT22,3.0,13,shutdown_safe_pose,right,,right,,,,,cancelled,,0.700,0.750,"[?, ?, ?, ?, ?, ?, ?]","[?, ?, ?, ?, ?, ?, ?]",,,
2026-05-15T11:01:23+08:00,2026-05-15T10:58:36+08:00,real-ip,192.168.1.151,BW_3N5CRT22,3.0,13,shutdown_safe_pose,right,,right,,,,,cancelled,,0.700,0.750,"[?, ?, ?, ?, ?, ?, ?]","[?, ?, ?, ?, ?, ?, ?]",,,
2026-05-15T11:01:47+08:00,2026-05-15T10:58:36+08:00,real-ip,192.168.1.151,BW_3N5CRT22,3.0,12,single_joint_step,left,1.100,left,1,shoulder_yaw,0.100,1.100,success,,0.700,0.750,"[?, 1.100, ?, ?, ?, ?, ?]","[?, ?, ?, ?, ?, ?, ?]","operator_current_est=1.000; raw_target=1.100; limit=[-0.213, 2.029]",,
2026-05-15T11:02:00+08:00,2026-05-15T10:58:36+08:00,real-ip,192.168.1.151,BW_3N5CRT22,3.0,9,arm_home,left,"[0.000, 0.000, 0.000, 0.000, 0.000, 0.000, 0.000]",left,,,,"[0.000, 0.000, 0.000, 0.000, 0.000, 0.000, 0.000]",success,,0.700,0.750,"[0.000, 0.000, 0.000, 0.000, 0.000, 0.000, 0.000]","[?, ?, ?, ?, ?, ?, ?]",,,
2026-05-15T11:02:54+08:00,2026-05-15T10:58:36+08:00,real-ip,192.168.1.151,BW_3N5CRT22,3.0,1,gripper_adjust,right,0.800,right,,,0.050,0.800,success,,0.700,0.800,"[0.000, 0.000, 0.000, 0.000, 0.000, 0.000, 0.000]","[?, ?, ?, ?, ?, ?, ?]",loosen,,
2026-05-15T11:02:56+08:00,2026-05-15T10:58:36+08:00,real-ip,192.168.1.151,BW_3N5CRT22,3.0,1,gripper_adjust,right,0.850,right,,,0.050,0.850,success,,0.700,0.850,"[0.000, 0.000, 0.000, 0.000, 0.000, 0.000, 0.000]","[?, ?, ?, ?, ?, ?, ?]",loosen,,
2026-05-15T11:02:56+08:00,2026-05-15T10:58:36+08:00,real-ip,192.168.1.151,BW_3N5CRT22,3.0,2,gripper_adjust,right,0.800,right,,,0.050,0.800,success,,0.700,0.800,"[0.000, 0.000, 0.000, 0.000, 0.000, 0.000, 0.000]","[?, ?, ?, ?, ?, ?, ?]",tighten,,
2026-05-15T11:02:57+08:00,2026-05-15T10:58:36+08:00,real-ip,192.168.1.151,BW_3N5CRT22,3.0,2,gripper_adjust,right,0.750,right,,,0.050,0.750,success,,0.700,0.750,"[0.000, 0.000, 0.000, 0.000, 0.000, 0.000, 0.000]","[?, ?, ?, ?, ?, ?, ?]",tighten,,
2026-05-15T11:02:58+08:00,2026-05-15T10:58:36+08:00,real-ip,192.168.1.151,BW_3N5CRT22,3.0,2,gripper_adjust,right,0.700,right,,,0.050,0.700,success,,0.700,0.700,"[0.000, 0.000, 0.000, 0.000, 0.000, 0.000, 0.000]","[?, ?, ?, ?, ?, ?, ?]",tighten,,
2026-05-15T11:02:58+08:00,2026-05-15T10:58:36+08:00,real-ip,192.168.1.151,BW_3N5CRT22,3.0,2,gripper_adjust,right,0.650,right,,,0.050,0.650,success,,0.700,0.650,"[0.000, 0.000, 0.000, 0.000, 0.000, 0.000, 0.000]","[?, ?, ?, ?, ?, ?, ?]",tighten,,
2026-05-15T11:02:58+08:00,2026-05-15T10:58:36+08:00,real-ip,192.168.1.151,BW_3N5CRT22,3.0,2,gripper_adjust,right,0.600,right,,,0.050,0.600,success,,0.700,0.600,"[0.000, 0.000, 0.000, 0.000, 0.000, 0.000, 0.000]","[?, ?, ?, ?, ?, ?, ?]",tighten,,
2026-05-15T11:02:59+08:00,2026-05-15T10:58:36+08:00,real-ip,192.168.1.151,BW_3N5CRT22,3.0,2,gripper_adjust,right,0.550,right,,,0.050,0.550,success,,0.700,0.550,"[0.000, 0.000, 0.000, 0.000, 0.000, 0.000, 0.000]","[?, ?, ?, ?, ?, ?, ?]",tighten,,
2026-05-15T11:02:59+08:00,2026-05-15T10:58:36+08:00,real-ip,192.168.1.151,BW_3N5CRT22,3.0,2,gripper_adjust,right,0.500,right,,,0.050,0.500,success,,0.700,0.500,"[0.000, 0.000, 0.000, 0.000, 0.000, 0.000, 0.000]","[?, ?, ?, ?, ?, ?, ?]",tighten,,
2026-05-15T11:02:59+08:00,2026-05-15T10:58:36+08:00,real-ip,192.168.1.151,BW_3N5CRT22,3.0,2,gripper_adjust,right,0.450,right,,,0.050,0.450,success,,0.700,0.450,"[0.000, 0.000, 0.000, 0.000, 0.000, 0.000, 0.000]","[?, ?, ?, ?, ?, ?, ?]",tighten,,
2026-05-15T11:02:59+08:00,2026-05-15T10:58:36+08:00,real-ip,192.168.1.151,BW_3N5CRT22,3.0,2,gripper_adjust,right,0.400,right,,,0.050,0.400,success,,0.700,0.400,"[0.000, 0.000, 0.000, 0.000, 0.000, 0.000, 0.000]","[?, ?, ?, ?, ?, ?, ?]",tighten,,
2026-05-15T11:02:59+08:00,2026-05-15T10:58:36+08:00,real-ip,192.168.1.151,BW_3N5CRT22,3.0,2,gripper_adjust,right,0.350,right,,,0.050,0.350,success,,0.700,0.350,"[0.000, 0.000, 0.000, 0.000, 0.000, 0.000, 0.000]","[?, ?, ?, ?, ?, ?, ?]",tighten,,
2026-05-15T11:03:00+08:00,2026-05-15T10:58:36+08:00,real-ip,192.168.1.151,BW_3N5CRT22,3.0,2,gripper_adjust,right,0.300,right,,,0.050,0.300,success,,0.700,0.300,"[0.000, 0.000, 0.000, 0.000, 0.000, 0.000, 0.000]","[?, ?, ?, ?, ?, ?, ?]",tighten,,
2026-05-15T11:03:00+08:00,2026-05-15T10:58:36+08:00,real-ip,192.168.1.151,BW_3N5CRT22,3.0,1,gripper_adjust,right,0.350,right,,,0.050,0.350,success,,0.700,0.350,"[0.000, 0.000, 0.000, 0.000, 0.000, 0.000, 0.000]","[?, ?, ?, ?, ?, ?, ?]",loosen,,
2026-05-15T11:03:00+08:00,2026-05-15T10:58:36+08:00,real-ip,192.168.1.151,BW_3N5CRT22,3.0,1,gripper_adjust,right,0.400,right,,,0.050,0.400,success,,0.700,0.400,"[0.000, 0.000, 0.000, 0.000, 0.000, 0.000, 0.000]","[?, ?, ?, ?, ?, ?, ?]",loosen,,
2026-05-15T11:03:01+08:00,2026-05-15T10:58:36+08:00,real-ip,192.168.1.151,BW_3N5CRT22,3.0,1,gripper_adjust,right,0.450,right,,,0.050,0.450,success,,0.700,0.450,"[0.000, 0.000, 0.000, 0.000, 0.000, 0.000, 0.000]","[?, ?, ?, ?, ?, ?, ?]",loosen,,
2026-05-15T11:03:01+08:00,2026-05-15T10:58:36+08:00,real-ip,192.168.1.151,BW_3N5CRT22,3.0,1,gripper_adjust,right,0.500,right,,,0.050,0.500,success,,0.700,0.500,"[0.000, 0.000, 0.000, 0.000, 0.000, 0.000, 0.000]","[?, ?, ?, ?, ?, ?, ?]",loosen,,
2026-05-15T11:03:01+08:00,2026-05-15T10:58:36+08:00,real-ip,192.168.1.151,BW_3N5CRT22,3.0,1,gripper_adjust,right,0.550,right,,,0.050,0.550,success,,0.700,0.550,"[0.000, 0.000, 0.000, 0.000, 0.000, 0.000, 0.000]","[?, ?, ?, ?, ?, ?, ?]",loosen,,
2026-05-15T11:03:01+08:00,2026-05-15T10:58:36+08:00,real-ip,192.168.1.151,BW_3N5CRT22,3.0,1,gripper_adjust,right,0.600,right,,,0.050,0.600,success,,0.700,0.600,"[0.000, 0.000, 0.000, 0.000, 0.000, 0.000, 0.000]","[?, ?, ?, ?, ?, ?, ?]",loosen,,
2026-05-15T11:03:02+08:00,2026-05-15T10:58:36+08:00,real-ip,192.168.1.151,BW_3N5CRT22,3.0,1,gripper_adjust,right,0.650,right,,,0.050,0.650,success,,0.700,0.650,"[0.000, 0.000, 0.000, 0.000, 0.000, 0.000, 0.000]","[?, ?, ?, ?, ?, ?, ?]",loosen,,
2026-05-15T11:03:02+08:00,2026-05-15T10:58:36+08:00,real-ip,192.168.1.151,BW_3N5CRT22,3.0,1,gripper_adjust,right,0.700,right,,,0.050,0.700,success,,0.700,0.700,"[0.000, 0.000, 0.000, 0.000, 0.000, 0.000, 0.000]","[?, ?, ?, ?, ?, ?, ?]",loosen,,
2026-05-15T11:06:37+08:00,2026-05-15T10:58:36+08:00,real-ip,192.168.1.151,BW_3N5CRT22,3.0,8,arm_home,right,,right,,,,,cancelled,,0.700,0.700,"[0.000, 0.000, 0.000, 0.000, 0.000, 0.000, 0.000]","[?, ?, ?, ?, ?, ?, ?]",,,
2026-05-15T11:06:40+08:00,2026-05-15T10:58:36+08:00,real-ip,192.168.1.151,BW_3N5CRT22,3.0,7,open_gripper,both,1.00,both,,,,1.00,success,,1.000,1.000,"[0.000, 0.000, 0.000, 0.000, 0.000, 0.000, 0.000]","[?, ?, ?, ?, ?, ?, ?]",,,
2026-05-15T11:08:24+08:00,2026-05-15T10:58:36+08:00,real-ip,192.168.1.151,BW_3N5CRT22,3.0,8,arm_home,right,"[0.000, 0.000, 0.000, 0.000, 0.000, 0.000, 0.000]",right,,,,"[0.000, 0.000, 0.000, 0.000, 0.000, 0.000, 0.000]",success,,1.000,1.000,"[0.000, 0.000, 0.000, 0.000, 0.000, 0.000, 0.000]","[0.000, 0.000, 0.000, 0.000, 0.000, 0.000, 0.000]",,,
2026-05-15T11:09:04+08:00,2026-05-15T10:58:36+08:00,real-ip,192.168.1.151,BW_3N5CRT22,3.0,9,arm_home,left,"[0.000, 0.000, 0.000, 0.000, 0.000, 0.000, 0.000]",left,,,,"[0.000, 0.000, 0.000, 0.000, 0.000, 0.000, 0.000]",success,,1.000,1.000,"[0.000, 0.000, 0.000, 0.000, 0.000, 0.000, 0.000]","[0.000, 0.000, 0.000, 0.000, 0.000, 0.000, 0.000]",,,
2026-05-15T11:10:57+08:00,2026-05-15T10:58:36+08:00,real-ip,192.168.1.151,BW_3N5CRT22,3.0,2,gripper_adjust,right,0.950,right,,,0.050,0.950,success,,1.000,0.950,"[0.000, 0.000, 0.000, 0.000, 0.000, 0.000, 0.000]","[0.000, 0.000, 0.000, 0.000, 0.000, 0.000, 0.000]",tighten,,
2026-05-15T11:10:59+08:00,2026-05-15T10:58:36+08:00,real-ip,192.168.1.151,BW_3N5CRT22,3.0,2,gripper_adjust,right,0.900,right,,,0.050,0.900,success,,1.000,0.900,"[0.000, 0.000, 0.000, 0.000, 0.000, 0.000, 0.000]","[0.000, 0.000, 0.000, 0.000, 0.000, 0.000, 0.000]",tighten,,
2026-05-15T11:10:59+08:00,2026-05-15T10:58:36+08:00,real-ip,192.168.1.151,BW_3N5CRT22,3.0,2,gripper_adjust,right,0.850,right,,,0.050,0.850,success,,1.000,0.850,"[0.000, 0.000, 0.000, 0.000, 0.000, 0.000, 0.000]","[0.000, 0.000, 0.000, 0.000, 0.000, 0.000, 0.000]",tighten,,
2026-05-15T11:10:59+08:00,2026-05-15T10:58:36+08:00,real-ip,192.168.1.151,BW_3N5CRT22,3.0,2,gripper_adjust,right,0.800,right,,,0.050,0.800,success,,1.000,0.800,"[0.000, 0.000, 0.000, 0.000, 0.000, 0.000, 0.000]","[0.000, 0.000, 0.000, 0.000, 0.000, 0.000, 0.000]",tighten,,
2026-05-15T11:11:00+08:00,2026-05-15T10:58:36+08:00,real-ip,192.168.1.151,BW_3N5CRT22,3.0,2,gripper_adjust,right,0.750,right,,,0.050,0.750,success,,1.000,0.750,"[0.000, 0.000, 0.000, 0.000, 0.000, 0.000, 0.000]","[0.000, 0.000, 0.000, 0.000, 0.000, 0.000, 0.000]",tighten,,
2026-05-15T11:11:01+08:00,2026-05-15T10:58:36+08:00,real-ip,192.168.1.151,BW_3N5CRT22,3.0,2,gripper_adjust,right,0.700,right,,,0.050,0.700,success,,1.000,0.700,"[0.000, 0.000, 0.000, 0.000, 0.000, 0.000, 0.000]","[0.000, 0.000, 0.000, 0.000, 0.000, 0.000, 0.000]",tighten,,
2026-05-15T11:11:02+08:00,2026-05-15T10:58:36+08:00,real-ip,192.168.1.151,BW_3N5CRT22,3.0,2,gripper_adjust,right,0.650,right,,,0.050,0.650,success,,1.000,0.650,"[0.000, 0.000, 0.000, 0.000, 0.000, 0.000, 0.000]","[0.000, 0.000, 0.000, 0.000, 0.000, 0.000, 0.000]",tighten,,
2026-05-15T11:11:02+08:00,2026-05-15T10:58:36+08:00,real-ip,192.168.1.151,BW_3N5CRT22,3.0,2,gripper_adjust,right,0.600,right,,,0.050,0.600,success,,1.000,0.600,"[0.000, 0.000, 0.000, 0.000, 0.000, 0.000, 0.000]","[0.000, 0.000, 0.000, 0.000, 0.000, 0.000, 0.000]",tighten,,
2026-05-15T11:11:03+08:00,2026-05-15T10:58:36+08:00,real-ip,192.168.1.151,BW_3N5CRT22,3.0,2,gripper_adjust,right,0.550,right,,,0.050,0.550,success,,1.000,0.550,"[0.000, 0.000, 0.000, 0.000, 0.000, 0.000, 0.000]","[0.000, 0.000, 0.000, 0.000, 0.000, 0.000, 0.000]",tighten,,
2026-05-15T11:11:04+08:00,2026-05-15T10:58:36+08:00,real-ip,192.168.1.151,BW_3N5CRT22,3.0,2,gripper_adjust,right,0.500,right,,,0.050,0.500,success,,1.000,0.500,"[0.000, 0.000, 0.000, 0.000, 0.000, 0.000, 0.000]","[0.000, 0.000, 0.000, 0.000, 0.000, 0.000, 0.000]",tighten,,
2026-05-15T11:11:05+08:00,2026-05-15T10:58:36+08:00,real-ip,192.168.1.151,BW_3N5CRT22,3.0,2,gripper_adjust,right,0.450,right,,,0.050,0.450,success,,1.000,0.450,"[0.000, 0.000, 0.000, 0.000, 0.000, 0.000, 0.000]","[0.000, 0.000, 0.000, 0.000, 0.000, 0.000, 0.000]",tighten,,
2026-05-15T11:11:05+08:00,2026-05-15T10:58:36+08:00,real-ip,192.168.1.151,BW_3N5CRT22,3.0,2,gripper_adjust,right,0.400,right,,,0.050,0.400,success,,1.000,0.400,"[0.000, 0.000, 0.000, 0.000, 0.000, 0.000, 0.000]","[0.000, 0.000, 0.000, 0.000, 0.000, 0.000, 0.000]",tighten,,
2026-05-15T11:11:06+08:00,2026-05-15T10:58:36+08:00,real-ip,192.168.1.151,BW_3N5CRT22,3.0,2,gripper_adjust,right,0.350,right,,,0.050,0.350,success,,1.000,0.350,"[0.000, 0.000, 0.000, 0.000, 0.000, 0.000, 0.000]","[0.000, 0.000, 0.000, 0.000, 0.000, 0.000, 0.000]",tighten,,
2026-05-15T11:11:13+08:00,2026-05-15T10:58:36+08:00,real-ip,192.168.1.151,BW_3N5CRT22,3.0,5,open_gripper,right,1.00,right,,,,1.00,success,,1.000,1.000,"[0.000, 0.000, 0.000, 0.000, 0.000, 0.000, 0.000]","[0.000, 0.000, 0.000, 0.000, 0.000, 0.000, 0.000]",,,
2026-05-15T11:11:23+08:00,2026-05-15T10:58:36+08:00,real-ip,192.168.1.151,BW_3N5CRT22,3.0,4,gripper_adjust,left,0.950,left,,,0.050,0.950,success,,0.950,1.000,"[0.000, 0.000, 0.000, 0.000, 0.000, 0.000, 0.000]","[0.000, 0.000, 0.000, 0.000, 0.000, 0.000, 0.000]",tighten,,
2026-05-15T11:11:27+08:00,2026-05-15T10:58:36+08:00,real-ip,192.168.1.151,BW_3N5CRT22,3.0,4,gripper_adjust,left,0.900,left,,,0.050,0.900,success,,0.900,1.000,"[0.000, 0.000, 0.000, 0.000, 0.000, 0.000, 0.000]","[0.000, 0.000, 0.000, 0.000, 0.000, 0.000, 0.000]",tighten,,
2026-05-15T11:11:28+08:00,2026-05-15T10:58:36+08:00,real-ip,192.168.1.151,BW_3N5CRT22,3.0,4,gripper_adjust,left,0.850,left,,,0.050,0.850,success,,0.850,1.000,"[0.000, 0.000, 0.000, 0.000, 0.000, 0.000, 0.000]","[0.000, 0.000, 0.000, 0.000, 0.000, 0.000, 0.000]",tighten,,
2026-05-15T11:11:29+08:00,2026-05-15T10:58:36+08:00,real-ip,192.168.1.151,BW_3N5CRT22,3.0,4,gripper_adjust,left,0.800,left,,,0.050,0.800,success,,0.800,1.000,"[0.000, 0.000, 0.000, 0.000, 0.000, 0.000, 0.000]","[0.000, 0.000, 0.000, 0.000, 0.000, 0.000, 0.000]",tighten,,
2026-05-15T11:11:29+08:00,2026-05-15T10:58:36+08:00,real-ip,192.168.1.151,BW_3N5CRT22,3.0,4,gripper_adjust,left,0.750,left,,,0.050,0.750,success,,0.750,1.000,"[0.000, 0.000, 0.000, 0.000, 0.000, 0.000, 0.000]","[0.000, 0.000, 0.000, 0.000, 0.000, 0.000, 0.000]",tighten,,
2026-05-15T11:11:30+08:00,2026-05-15T10:58:36+08:00,real-ip,192.168.1.151,BW_3N5CRT22,3.0,4,gripper_adjust,left,0.700,left,,,0.050,0.700,success,,0.700,1.000,"[0.000, 0.000, 0.000, 0.000, 0.000, 0.000, 0.000]","[0.000, 0.000, 0.000, 0.000, 0.000, 0.000, 0.000]",tighten,,
2026-05-15T11:11:30+08:00,2026-05-15T10:58:36+08:00,real-ip,192.168.1.151,BW_3N5CRT22,3.0,4,gripper_adjust,left,0.650,left,,,0.050,0.650,success,,0.650,1.000,"[0.000, 0.000, 0.000, 0.000, 0.000, 0.000, 0.000]","[0.000, 0.000, 0.000, 0.000, 0.000, 0.000, 0.000]",tighten,,
2026-05-15T11:11:30+08:00,2026-05-15T10:58:36+08:00,real-ip,192.168.1.151,BW_3N5CRT22,3.0,4,gripper_adjust,left,0.600,left,,,0.050,0.600,success,,0.600,1.000,"[0.000, 0.000, 0.000, 0.000, 0.000, 0.000, 0.000]","[0.000, 0.000, 0.000, 0.000, 0.000, 0.000, 0.000]",tighten,,
2026-05-15T11:11:31+08:00,2026-05-15T10:58:36+08:00,real-ip,192.168.1.151,BW_3N5CRT22,3.0,4,gripper_adjust,left,0.550,left,,,0.050,0.550,success,,0.550,1.000,"[0.000, 0.000, 0.000, 0.000, 0.000, 0.000, 0.000]","[0.000, 0.000, 0.000, 0.000, 0.000, 0.000, 0.000]",tighten,,
2026-05-15T11:11:32+08:00,2026-05-15T10:58:36+08:00,real-ip,192.168.1.151,BW_3N5CRT22,3.0,1,gripper_adjust,right,1.000,right,,,0.050,1.000,skipped,,0.550,1.000,"[0.000, 0.000, 0.000, 0.000, 0.000, 0.000, 0.000]","[0.000, 0.000, 0.000, 0.000, 0.000, 0.000, 0.000]",loosen,,
2026-05-15T11:11:33+08:00,2026-05-15T10:58:36+08:00,real-ip,192.168.1.151,BW_3N5CRT22,3.0,2,gripper_adjust,right,0.950,right,,,0.050,0.950,success,,0.550,0.950,"[0.000, 0.000, 0.000, 0.000, 0.000, 0.000, 0.000]","[0.000, 0.000, 0.000, 0.000, 0.000, 0.000, 0.000]",tighten,,
2026-05-15T11:11:34+08:00,2026-05-15T10:58:36+08:00,real-ip,192.168.1.151,BW_3N5CRT22,3.0,2,gripper_adjust,right,0.900,right,,,0.050,0.900,success,,0.550,0.900,"[0.000, 0.000, 0.000, 0.000, 0.000, 0.000, 0.000]","[0.000, 0.000, 0.000, 0.000, 0.000, 0.000, 0.000]",tighten,,
2026-05-15T11:11:36+08:00,2026-05-15T10:58:36+08:00,real-ip,192.168.1.151,BW_3N5CRT22,3.0,2,gripper_adjust,right,0.850,right,,,0.050,0.850,success,,0.550,0.850,"[0.000, 0.000, 0.000, 0.000, 0.000, 0.000, 0.000]","[0.000, 0.000, 0.000, 0.000, 0.000, 0.000, 0.000]",tighten,,
2026-05-15T11:11:37+08:00,2026-05-15T10:58:36+08:00,real-ip,192.168.1.151,BW_3N5CRT22,3.0,2,gripper_adjust,right,0.800,right,,,0.050,0.800,success,,0.550,0.800,"[0.000, 0.000, 0.000, 0.000, 0.000, 0.000, 0.000]","[0.000, 0.000, 0.000, 0.000, 0.000, 0.000, 0.000]",tighten,,
2026-05-15T11:11:37+08:00,2026-05-15T10:58:36+08:00,real-ip,192.168.1.151,BW_3N5CRT22,3.0,2,gripper_adjust,right,0.750,right,,,0.050,0.750,success,,0.550,0.750,"[0.000, 0.000, 0.000, 0.000, 0.000, 0.000, 0.000]","[0.000, 0.000, 0.000, 0.000, 0.000, 0.000, 0.000]",tighten,,
2026-05-15T11:11:37+08:00,2026-05-15T10:58:36+08:00,real-ip,192.168.1.151,BW_3N5CRT22,3.0,2,gripper_adjust,right,0.700,right,,,0.050,0.700,success,,0.550,0.700,"[0.000, 0.000, 0.000, 0.000, 0.000, 0.000, 0.000]","[0.000, 0.000, 0.000, 0.000, 0.000, 0.000, 0.000]",tighten,,
2026-05-15T11:11:37+08:00,2026-05-15T10:58:36+08:00,real-ip,192.168.1.151,BW_3N5CRT22,3.0,2,gripper_adjust,right,0.650,right,,,0.050,0.650,success,,0.550,0.650,"[0.000, 0.000, 0.000, 0.000, 0.000, 0.000, 0.000]","[0.000, 0.000, 0.000, 0.000, 0.000, 0.000, 0.000]",tighten,,
2026-05-15T11:11:37+08:00,2026-05-15T10:58:36+08:00,real-ip,192.168.1.151,BW_3N5CRT22,3.0,2,gripper_adjust,right,0.600,right,,,0.050,0.600,success,,0.550,0.600,"[0.000, 0.000, 0.000, 0.000, 0.000, 0.000, 0.000]","[0.000, 0.000, 0.000, 0.000, 0.000, 0.000, 0.000]",tighten,,
2026-05-15T11:11:38+08:00,2026-05-15T10:58:36+08:00,real-ip,192.168.1.151,BW_3N5CRT22,3.0,2,gripper_adjust,right,0.550,right,,,0.050,0.550,success,,0.550,0.550,"[0.000, 0.000, 0.000, 0.000, 0.000, 0.000, 0.000]","[0.000, 0.000, 0.000, 0.000, 0.000, 0.000, 0.000]",tighten,,
2026-05-15T11:11:38+08:00,2026-05-15T10:58:36+08:00,real-ip,192.168.1.151,BW_3N5CRT22,3.0,2,gripper_adjust,right,0.500,right,,,0.050,0.500,success,,0.550,0.500,"[0.000, 0.000, 0.000, 0.000, 0.000, 0.000, 0.000]","[0.000, 0.000, 0.000, 0.000, 0.000, 0.000, 0.000]",tighten,,
2026-05-15T11:11:39+08:00,2026-05-15T10:58:36+08:00,real-ip,192.168.1.151,BW_3N5CRT22,3.0,2,gripper_adjust,right,0.450,right,,,0.050,0.450,success,,0.550,0.450,"[0.000, 0.000, 0.000, 0.000, 0.000, 0.000, 0.000]","[0.000, 0.000, 0.000, 0.000, 0.000, 0.000, 0.000]",tighten,,
2026-05-15T11:11:44+08:00,2026-05-15T10:58:36+08:00,real-ip,192.168.1.151,BW_3N5CRT22,3.0,7,open_gripper,both,1.00,both,,,,1.00,success,,1.000,1.000,"[0.000, 0.000, 0.000, 0.000, 0.000, 0.000, 0.000]","[0.000, 0.000, 0.000, 0.000, 0.000, 0.000, 0.000]",,,
2026-05-15T11:11:56+08:00,2026-05-15T10:58:36+08:00,real-ip,192.168.1.151,BW_3N5CRT22,3.0,13,shutdown_safe_pose,right,"[0.300, 0.000, 0.000, 0.900, 0.000, 0.000, 0.000]",right,,,,"[0.300, 0.000, 0.000, 0.900, 0.000, 0.000, 0.000]",success,,1.000,1.000,"[0.000, 0.000, 0.000, 0.000, 0.000, 0.000, 0.000]","[0.300, 0.000, 0.000, 0.900, 0.000, 0.000, 0.000]",pose_requires_real_robot_validation,,
2026-05-15T11:12:35+08:00,2026-05-15T10:58:36+08:00,real-ip,192.168.1.151,BW_3N5CRT22,3.0,14,shutdown_safe_pose,left,"[0.300, 0.000, 0.000, 0.900, 0.000, 0.000, 0.000]",left,,,,"[0.300, 0.000, 0.000, 0.900, 0.000, 0.000, 0.000]",success,,1.000,1.000,"[0.300, 0.000, 0.000, 0.900, 0.000, 0.000, 0.000]","[0.300, 0.000, 0.000, 0.900, 0.000, 0.000, 0.000]",pose_requires_real_robot_validation,,
2026-05-15T11:12:44+08:00,2026-05-15T10:58:36+08:00,real-ip,192.168.1.151,BW_3N5CRT22,3.0,s,robot_stop,,,,,,,,success,,1.000,1.000,"[0.300, 0.000, 0.000, 0.900, 0.000, 0.000, 0.000]","[0.300, 0.000, 0.000, 0.900, 0.000, 0.000, 0.000]",current_sdk_stop_only_stops_chassis,,
2026-05-15T11:12:45+08:00,2026-05-15T10:58:36+08:00,real-ip,192.168.1.151,BW_3N5CRT22,3.0,s,robot_stop,,,,,,,,success,,1.000,1.000,"[0.300, 0.000, 0.000, 0.900, 0.000, 0.000, 0.000]","[0.300, 0.000, 0.000, 0.900, 0.000, 0.000, 0.000]",current_sdk_stop_only_stops_chassis,,
2026-05-15T11:12:46+08:00,2026-05-15T10:58:36+08:00,real-ip,192.168.1.151,BW_3N5CRT22,3.0,q,disconnect_request,,,,,,,,success,,1.000,1.000,"[0.300, 0.000, 0.000, 0.900, 0.000, 0.000, 0.000]","[0.300, 0.000, 0.000, 0.900, 0.000, 0.000, 0.000]",,,
2026-05-15T11:12:46+08:00,2026-05-15T10:58:36+08:00,real-ip,192.168.1.151,BW_3N5CRT22,3.0,session,disconnect,,,,,,,,success,,1.000,1.000,"[0.300, 0.000, 0.000, 0.900, 0.000, 0.000, 0.000]","[0.300, 0.000, 0.000, 0.900, 0.000, 0.000, 0.000]",,,
2026-05-18T13:53:20+08:00,2026-05-18T11:11:08+08:00,real-ip,192.168.1.151,BW_3N5CRT22,3.0,session,connect,,,,,,,,success,,0.800,0.800,"[?, ?, ?, ?, ?, ?, ?]","[?, ?, ?, ?, ?, ?, ?]",,,
2026-05-18T13:56:56+08:00,2026-05-18T11:11:08+08:00,real-ip,192.168.1.151,BW_3N5CRT22,3.0,9,arm_home,left,"[0.000, 0.000, 0.000, 0.000, 0.000, 0.000, 0.000]",left,,,,"[0.000, 0.000, 0.000, 0.000, 0.000, 0.000, 0.000]",success,,0.800,0.800,"[0.000, 0.000, 0.000, 0.000, 0.000, 0.000, 0.000]","[?, ?, ?, ?, ?, ?, ?]",,,
2026-05-18T13:59:21+08:00,2026-05-18T11:11:08+08:00,real-ip,192.168.1.151,BW_3N5CRT22,3.0,15,shutdown_safe_pose,both,"[0.300, 0.000, 0.000, 0.900, 0.000, 0.000, 0.000]",both,,,,"[0.300, 0.000, 0.000, 0.900, 0.000, 0.000, 0.000]",success,,0.800,0.800,"[0.300, 0.000, 0.000, 0.900, 0.000, 0.000, 0.000]","[0.300, 0.000, 0.000, 0.900, 0.000, 0.000, 0.000]",pose_requires_real_robot_validation,,
2026-05-18T14:23:12+08:00,2026-05-18T11:11:08+08:00,real-ip,192.168.1.151,BW_3N5CRT22,3.0,interrupt,keyboard_interrupt,,,,,,,,interrupted,,0.800,0.800,"[0.300, 0.000, 0.000, 0.900, 0.000, 0.000, 0.000]","[0.300, 0.000, 0.000, 0.900, 0.000, 0.000, 0.000]",,,
2026-05-18T14:23:12+08:00,2026-05-18T11:11:08+08:00,real-ip,192.168.1.151,BW_3N5CRT22,3.0,session,disconnect,,,,,,,,success,,0.800,0.800,"[0.300, 0.000, 0.000, 0.900, 0.000, 0.000, 0.000]","[0.300, 0.000, 0.000, 0.900, 0.000, 0.000, 0.000]",,,
2026-05-18T14:23:18+08:00,2026-05-18T14:23:15+08:00,real-ip,192.168.1.151,BW_3N5CRT22,3.0,session,connect,,,,,,,,success,,0.800,0.800,"[?, ?, ?, ?, ?, ?, ?]","[?, ?, ?, ?, ?, ?, ?]",,feat/latte-pour-real-tune,fbbf464
2026-05-18T14:23:45+08:00,2026-05-18T14:23:15+08:00,real-ip,192.168.1.151,BW_3N5CRT22,3.0,15,both_pre_shutdown_vertical_v2,both_arms,"right=(pose=pre_shutdown_vertical_v2, shoulder_pitch=0.200, shoulder_yaw=0.000, shoulder_roll=0.000, elbow_pitch=1.012, wrist_roll=0.000, wrist_pitch=0.000, wrist_yaw=0.000); left=(pose=pre_shutdown_vertical_v2, shoulder_pitch=0.200, shoulder_yaw=0.000, shoulder_roll=0.000, elbow_pitch=1.012, wrist_roll=0.000, wrist_pitch=0.000, wrist_yaw=0.000)",both,,,,"right=(pose=pre_shutdown_vertical_v2, shoulder_pitch=0.200, shoulder_yaw=0.000, shoulder_roll=0.000, elbow_pitch=1.012, wrist_roll=0.000, wrist_pitch=0.000, wrist_yaw=0.000); left=(pose=pre_shutdown_vertical_v2, shoulder_pitch=0.200, shoulder_yaw=0.000, shoulder_roll=0.000, elbow_pitch=1.012, wrist_roll=0.000, wrist_pitch=0.000, wrist_yaw=0.000)",success,,0.800,0.800,"[0.200, 0.000, 0.000, 1.012, 0.000, 0.000, 0.000]","[0.200, 0.000, 0.000, 1.012, 0.000, 0.000, 0.000]",,feat/latte-pour-real-tune,fbbf464
2026-05-18T14:24:34+08:00,2026-05-18T14:23:15+08:00,real-ip,192.168.1.151,BW_3N5CRT22,3.0,15,both_pre_shutdown_vertical_v2,both_arms,"right=(pose=pre_shutdown_vertical_v2, shoulder_pitch=0.200, shoulder_yaw=0.000, shoulder_roll=0.000, elbow_pitch=1.012, wrist_roll=0.000, wrist_pitch=0.000, wrist_yaw=0.000); left=(pose=pre_shutdown_vertical_v2, shoulder_pitch=0.200, shoulder_yaw=0.000, shoulder_roll=0.000, elbow_pitch=1.012, wrist_roll=0.000, wrist_pitch=0.000, wrist_yaw=0.000)",both,,,,"right=(pose=pre_shutdown_vertical_v2, shoulder_pitch=0.200, shoulder_yaw=0.000, shoulder_roll=0.000, elbow_pitch=1.012, wrist_roll=0.000, wrist_pitch=0.000, wrist_yaw=0.000); left=(pose=pre_shutdown_vertical_v2, shoulder_pitch=0.200, shoulder_yaw=0.000, shoulder_roll=0.000, elbow_pitch=1.012, wrist_roll=0.000, wrist_pitch=0.000, wrist_yaw=0.000)",success,,0.800,0.800,"[0.200, 0.000, 0.000, 1.012, 0.000, 0.000, 0.000]","[0.200, 0.000, 0.000, 1.012, 0.000, 0.000, 0.000]",，还需要仔细观察一遍,feat/latte-pour-real-tune,fbbf464
2026-05-18T14:24:36+08:00,2026-05-18T14:23:15+08:00,real-ip,192.168.1.151,BW_3N5CRT22,3.0,q,disconnect_request,,,,,,,,success,,0.800,0.800,"[0.200, 0.000, 0.000, 1.012, 0.000, 0.000, 0.000]","[0.200, 0.000, 0.000, 1.012, 0.000, 0.000, 0.000]",,feat/latte-pour-real-tune,fbbf464
2026-05-18T14:24:36+08:00,2026-05-18T14:23:15+08:00,real-ip,192.168.1.151,BW_3N5CRT22,3.0,session,disconnect,,,,,,,,success,,0.800,0.800,"[0.200, 0.000, 0.000, 1.012, 0.000, 0.000, 0.000]","[0.200, 0.000, 0.000, 1.012, 0.000, 0.000, 0.000]",,feat/latte-pour-real-tune,fbbf464
2026-05-18T14:24:42+08:00,2026-05-18T14:24:38+08:00,real-ip,192.168.1.151,BW_3N5CRT22,3.0,session,connect,,,,,,,,success,,0.800,0.800,"[?, ?, ?, ?, ?, ?, ?]","[?, ?, ?, ?, ?, ?, ?]",,feat/latte-pour-real-tune,fbbf464
2026-05-18T14:24:58+08:00,2026-05-18T14:24:38+08:00,real-ip,192.168.1.151,BW_3N5CRT22,3.0,8,arm_home,right,"[0.000, 0.000, 0.000, 0.000, 0.000, 0.000, 0.000]",right,,,,"[0.000, 0.000, 0.000, 0.000, 0.000, 0.000, 0.000]",success,,0.800,0.800,"[?, ?, ?, ?, ?, ?, ?]","[0.000, 0.000, 0.000, 0.000, 0.000, 0.000, 0.000]",,feat/latte-pour-real-tune,fbbf464
2026-05-18T14:25:51+08:00,2026-05-18T14:24:38+08:00,real-ip,192.168.1.151,BW_3N5CRT22,3.0,15,both_pre_shutdown_vertical_v2,both_arms,"right=(pose=pre_shutdown_vertical_v2, shoulder_pitch=0.200, shoulder_yaw=0.000, shoulder_roll=0.000, elbow_pitch=1.012, wrist_roll=0.000, wrist_pitch=0.000, wrist_yaw=0.000); left=(pose=pre_shutdown_vertical_v2, shoulder_pitch=0.200, shoulder_yaw=0.000, shoulder_roll=0.000, elbow_pitch=1.012, wrist_roll=0.000, wrist_pitch=0.000, wrist_yaw=0.000)",both,,,,"right=(pose=pre_shutdown_vertical_v2, shoulder_pitch=0.200, shoulder_yaw=0.000, shoulder_roll=0.000, elbow_pitch=1.012, wrist_roll=0.000, wrist_pitch=0.000, wrist_yaw=0.000); left=(pose=pre_shutdown_vertical_v2, shoulder_pitch=0.200, shoulder_yaw=0.000, shoulder_roll=0.000, elbow_pitch=1.012, wrist_roll=0.000, wrist_pitch=0.000, wrist_yaw=0.000)",success,,0.800,0.800,"[0.200, 0.000, 0.000, 1.012, 0.000, 0.000, 0.000]","[0.200, 0.000, 0.000, 1.012, 0.000, 0.000, 0.000]",肩关节和小臂先抬起，后放下，而且放下的姿态还不够垂直,feat/latte-pour-real-tune,fbbf464
2026-05-18T14:25:54+08:00,2026-05-18T14:24:38+08:00,real-ip,192.168.1.151,BW_3N5CRT22,3.0,q,disconnect_request,,,,,,,,success,,0.800,0.800,"[0.200, 0.000, 0.000, 1.012, 0.000, 0.000, 0.000]","[0.200, 0.000, 0.000, 1.012, 0.000, 0.000, 0.000]",,feat/latte-pour-real-tune,fbbf464
2026-05-18T14:25:54+08:00,2026-05-18T14:24:38+08:00,real-ip,192.168.1.151,BW_3N5CRT22,3.0,session,disconnect,,,,,,,,success,,0.800,0.800,"[0.200, 0.000, 0.000, 1.012, 0.000, 0.000, 0.000]","[0.200, 0.000, 0.000, 1.012, 0.000, 0.000, 0.000]",,feat/latte-pour-real-tune,fbbf464
2026-05-18T14:35:46+08:00,2026-05-18T14:35:39+08:00,real-ip,192.168.1.151,BW_3N5CRT22,3.0,session,session_setup,,,,,,,,failed,连接失败，停止测试,0.800,0.800,"[?, ?, ?, ?, ?, ?, ?]","[?, ?, ?, ?, ?, ?, ?]",连接失败，停止测试,feat/latte-pour-real-tune,fbbf464
2026-05-18T14:36:21+08:00,2026-05-18T14:36:18+08:00,real-ip,192.168.1.151,BW_3N5CRT22,3.0,session,connect,,,,,,,,success,,0.800,0.800,"[?, ?, ?, ?, ?, ?, ?]","[?, ?, ?, ?, ?, ?, ?]",,feat/latte-pour-real-tune,fbbf464
2026-05-18T14:37:08+08:00,2026-05-18T14:36:18+08:00,real-ip,192.168.1.151,BW_3N5CRT22,3.0,15,both_pre_shutdown_vertical_v2,both_arms,"right=(pose=pre_shutdown_vertical_v2, shoulder_pitch=0.000, shoulder_yaw=0.000, shoulder_roll=0.000, elbow_pitch=1.012, wrist_roll=0.000, wrist_pitch=0.000, wrist_yaw=0.000); left=(pose=pre_shutdown_vertical_v2, shoulder_pitch=0.000, shoulder_yaw=0.000, shoulder_roll=0.000, elbow_pitch=1.012, wrist_roll=0.000, wrist_pitch=0.000, wrist_yaw=0.000)",both,,,,"right=(pose=pre_shutdown_vertical_v2, shoulder_pitch=0.000, shoulder_yaw=0.000, shoulder_roll=0.000, elbow_pitch=1.012, wrist_roll=0.000, wrist_pitch=0.000, wrist_yaw=0.000); left=(pose=pre_shutdown_vertical_v2, shoulder_pitch=0.000, shoulder_yaw=0.000, shoulder_roll=0.000, elbow_pitch=1.012, wrist_roll=0.000, wrist_pitch=0.000, wrist_yaw=0.000)",success,,0.800,0.800,"[0.000, 0.000, 0.000, 1.012, 0.000, 0.000, 0.000]","[0.000, 0.000, 0.000, 1.012, 0.000, 0.000, 0.000]",我希望再垂直一点，其他都很好了,feat/latte-pour-real-tune,fbbf464
2026-05-18T14:37:11+08:00,2026-05-18T14:36:18+08:00,real-ip,192.168.1.151,BW_3N5CRT22,3.0,q,disconnect_request,,,,,,,,success,,0.800,0.800,"[0.000, 0.000, 0.000, 1.012, 0.000, 0.000, 0.000]","[0.000, 0.000, 0.000, 1.012, 0.000, 0.000, 0.000]",,feat/latte-pour-real-tune,fbbf464
2026-05-18T14:37:11+08:00,2026-05-18T14:36:18+08:00,real-ip,192.168.1.151,BW_3N5CRT22,3.0,session,disconnect,,,,,,,,success,,0.800,0.800,"[0.000, 0.000, 0.000, 1.012, 0.000, 0.000, 0.000]","[0.000, 0.000, 0.000, 1.012, 0.000, 0.000, 0.000]",,feat/latte-pour-real-tune,fbbf464
2026-05-18T14:39:47+08:00,2026-05-18T14:39:45+08:00,real-ip,192.168.1.151,BW_3N5CRT22,3.0,session,connect,,,,,,,,success,,0.800,0.800,"[?, ?, ?, ?, ?, ?, ?]","[?, ?, ?, ?, ?, ?, ?]",,feat/latte-pour-real-tune,fbbf464
2026-05-18T14:41:58+08:00,2026-05-18T14:39:45+08:00,real-ip,192.168.1.151,BW_3N5CRT22,3.0,15,both_pre_shutdown_vertical_v2,both_arms,"right=(pose=pre_shutdown_vertical_v2, shoulder_pitch=0.000, shoulder_yaw=0.000, shoulder_roll=0.000, elbow_pitch=1.012, wrist_roll=0.000, wrist_pitch=0.000, wrist_yaw=0.000); left=(pose=pre_shutdown_vertical_v2, shoulder_pitch=0.000, shoulder_yaw=0.000, shoulder_roll=0.000, elbow_pitch=1.012, wrist_roll=0.000, wrist_pitch=0.000, wrist_yaw=0.000)",both,,,,"right=(pose=pre_shutdown_vertical_v2, shoulder_pitch=0.000, shoulder_yaw=0.000, shoulder_roll=0.000, elbow_pitch=1.012, wrist_roll=0.000, wrist_pitch=0.000, wrist_yaw=0.000); left=(pose=pre_shutdown_vertical_v2, shoulder_pitch=0.000, shoulder_yaw=0.000, shoulder_roll=0.000, elbow_pitch=1.012, wrist_roll=0.000, wrist_pitch=0.000, wrist_yaw=0.000)",success,,0.800,0.800,"[0.000, 0.000, 0.000, 1.012, 0.000, 0.000, 0.000]","[0.000, 0.000, 0.000, 1.012, 0.000, 0.000, 0.000]",,feat/latte-pour-real-tune,fbbf464
2026-05-18T14:44:19+08:00,2026-05-18T14:39:45+08:00,real-ip,192.168.1.151,BW_3N5CRT22,3.0,10,arm_home,both,"[0.000, 0.000, 0.000, 0.000, 0.000, 0.000, 0.000]",both,,,,"[0.000, 0.000, 0.000, 0.000, 0.000, 0.000, 0.000]",success,,0.800,0.800,"[0.000, 0.000, 0.000, 0.000, 0.000, 0.000, 0.000]","[0.000, 0.000, 0.000, 0.000, 0.000, 0.000, 0.000]",,feat/latte-pour-real-tune,fbbf464
2026-05-18T14:45:24+08:00,2026-05-18T14:39:45+08:00,real-ip,192.168.1.151,BW_3N5CRT22,3.0,10,arm_home,both,"[0.000, 0.000, 0.000, 0.000, 0.000, 0.000, 0.000]",both,,,,"[0.000, 0.000, 0.000, 0.000, 0.000, 0.000, 0.000]",success,,0.800,0.800,"[0.000, 0.000, 0.000, 0.000, 0.000, 0.000, 0.000]","[0.000, 0.000, 0.000, 0.000, 0.000, 0.000, 0.000]",,feat/latte-pour-real-tune,fbbf464
2026-05-18T14:48:26+08:00,2026-05-18T14:39:45+08:00,real-ip,192.168.1.151,BW_3N5CRT22,3.0,interrupt,keyboard_interrupt,,,,,,,,interrupted,,0.800,0.800,"[0.000, 0.000, 0.000, 0.000, 0.000, 0.000, 0.000]","[0.000, 0.000, 0.000, 0.000, 0.000, 0.000, 0.000]",,feat/latte-pour-real-tune,fbbf464
2026-05-18T14:48:26+08:00,2026-05-18T14:39:45+08:00,real-ip,192.168.1.151,BW_3N5CRT22,3.0,session,disconnect,,,,,,,,success,,0.800,0.800,"[0.000, 0.000, 0.000, 0.000, 0.000, 0.000, 0.000]","[0.000, 0.000, 0.000, 0.000, 0.000, 0.000, 0.000]",,feat/latte-pour-real-tune,fbbf464
2026-05-18T14:48:32+08:00,2026-05-18T14:48:29+08:00,real-ip,192.168.1.151,BW_3N5CRT22,3.0,session,connect,,,,,,,,success,,0.800,0.800,"[?, ?, ?, ?, ?, ?, ?]","[?, ?, ?, ?, ?, ?, ?]",,feat/latte-pour-real-tune,fbbf464
2026-05-18T14:53:44+08:00,2026-05-18T14:48:29+08:00,real-ip,192.168.1.151,BW_3N5CRT22,3.0,15,both_pre_shutdown_vertical_v2,both_arms,"right=(pose=pre_shutdown_vertical_v2, shoulder_pitch=0.000, shoulder_yaw=0.000, shoulder_roll=0.000, elbow_pitch=1.012, wrist_roll=0.000, wrist_pitch=0.000, wrist_yaw=0.000); left=(pose=pre_shutdown_vertical_v2, shoulder_pitch=0.000, shoulder_yaw=0.000, shoulder_roll=0.000, elbow_pitch=1.012, wrist_roll=0.000, wrist_pitch=0.000, wrist_yaw=0.000)",both,,,,"right=(pose=pre_shutdown_vertical_v2, shoulder_pitch=0.000, shoulder_yaw=0.000, shoulder_roll=0.000, elbow_pitch=1.012, wrist_roll=0.000, wrist_pitch=0.000, wrist_yaw=0.000); left=(pose=pre_shutdown_vertical_v2, shoulder_pitch=0.000, shoulder_yaw=0.000, shoulder_roll=0.000, elbow_pitch=1.012, wrist_roll=0.000, wrist_pitch=0.000, wrist_yaw=0.000)",success,,0.800,0.800,"[0.000, 0.000, 0.000, 1.012, 0.000, 0.000, 0.000]","[0.000, 0.000, 0.000, 1.012, 0.000, 0.000, 0.000]",,feat/latte-pour-real-tune,fbbf464
2026-05-18T14:53:51+08:00,2026-05-18T14:48:29+08:00,real-ip,192.168.1.151,BW_3N5CRT22,3.0,1,gripper_adjust,right,0.850,right,,,0.050,0.850,success,,0.800,0.850,"[0.000, 0.000, 0.000, 1.012, 0.000, 0.000, 0.000]","[0.000, 0.000, 0.000, 1.012, 0.000, 0.000, 0.000]",loosen,feat/latte-pour-real-tune,fbbf464
2026-05-18T14:53:58+08:00,2026-05-18T14:48:29+08:00,real-ip,192.168.1.151,BW_3N5CRT22,3.0,1,gripper_adjust,right,0.900,right,,,0.050,0.900,success,,0.800,0.900,"[0.000, 0.000, 0.000, 1.012, 0.000, 0.000, 0.000]","[0.000, 0.000, 0.000, 1.012, 0.000, 0.000, 0.000]",loosen,feat/latte-pour-real-tune,fbbf464
2026-05-18T14:54:00+08:00,2026-05-18T14:48:29+08:00,real-ip,192.168.1.151,BW_3N5CRT22,3.0,1,gripper_adjust,right,0.950,right,,,0.050,0.950,success,,0.800,0.950,"[0.000, 0.000, 0.000, 1.012, 0.000, 0.000, 0.000]","[0.000, 0.000, 0.000, 1.012, 0.000, 0.000, 0.000]",loosen,feat/latte-pour-real-tune,fbbf464
2026-05-18T14:54:01+08:00,2026-05-18T14:48:29+08:00,real-ip,192.168.1.151,BW_3N5CRT22,3.0,1,gripper_adjust,right,1.000,right,,,0.050,1.000,success,,0.800,1.000,"[0.000, 0.000, 0.000, 1.012, 0.000, 0.000, 0.000]","[0.000, 0.000, 0.000, 1.012, 0.000, 0.000, 0.000]",loosen,feat/latte-pour-real-tune,fbbf464
2026-05-18T14:54:02+08:00,2026-05-18T14:48:29+08:00,real-ip,192.168.1.151,BW_3N5CRT22,3.0,2,gripper_adjust,right,0.950,right,,,0.050,0.950,success,,0.800,0.950,"[0.000, 0.000, 0.000, 1.012, 0.000, 0.000, 0.000]","[0.000, 0.000, 0.000, 1.012, 0.000, 0.000, 0.000]",tighten,feat/latte-pour-real-tune,fbbf464
2026-05-18T14:54:11+08:00,2026-05-18T14:48:29+08:00,real-ip,192.168.1.151,BW_3N5CRT22,3.0,7,open_gripper,both,,both,,,,,cancelled,,0.800,0.950,"[0.000, 0.000, 0.000, 1.012, 0.000, 0.000, 0.000]","[0.000, 0.000, 0.000, 1.012, 0.000, 0.000, 0.000]",,feat/latte-pour-real-tune,fbbf464
2026-05-18T14:54:14+08:00,2026-05-18T14:48:29+08:00,real-ip,192.168.1.151,BW_3N5CRT22,3.0,interrupt,keyboard_interrupt,,,,,,,,interrupted,,0.800,0.950,"[0.000, 0.000, 0.000, 1.012, 0.000, 0.000, 0.000]","[0.000, 0.000, 0.000, 1.012, 0.000, 0.000, 0.000]",,feat/latte-pour-real-tune,fbbf464
2026-05-18T14:54:14+08:00,2026-05-18T14:48:29+08:00,real-ip,192.168.1.151,BW_3N5CRT22,3.0,session,disconnect,,,,,,,,success,,0.800,0.950,"[0.000, 0.000, 0.000, 1.012, 0.000, 0.000, 0.000]","[0.000, 0.000, 0.000, 1.012, 0.000, 0.000, 0.000]",,feat/latte-pour-real-tune,fbbf464
2026-05-18T14:54:17+08:00,2026-05-18T14:54:15+08:00,real-ip,192.168.1.151,BW_3N5CRT22,3.0,session,connect,,,,,,,,success,,0.800,0.800,"[?, ?, ?, ?, ?, ?, ?]","[?, ?, ?, ?, ?, ?, ?]",,feat/latte-pour-real-tune,fbbf464
2026-05-18T14:54:25+08:00,2026-05-18T14:54:15+08:00,real-ip,192.168.1.151,BW_3N5CRT22,3.0,10,arm_home,both,"[0.000, 0.000, 0.000, 0.000, 0.000, 0.000, 0.000]",both,,,,"[0.000, 0.000, 0.000, 0.000, 0.000, 0.000, 0.000]",success,,0.800,0.800,"[0.000, 0.000, 0.000, 0.000, 0.000, 0.000, 0.000]","[0.000, 0.000, 0.000, 0.000, 0.000, 0.000, 0.000]",,feat/latte-pour-real-tune,fbbf464
2026-05-18T14:54:29+08:00,2026-05-18T14:54:15+08:00,real-ip,192.168.1.151,BW_3N5CRT22,3.0,1,gripper_adjust,right,0.850,right,,,0.050,0.850,success,,0.800,0.850,"[0.000, 0.000, 0.000, 0.000, 0.000, 0.000, 0.000]","[0.000, 0.000, 0.000, 0.000, 0.000, 0.000, 0.000]",loosen,feat/latte-pour-real-tune,fbbf464
2026-05-18T14:54:31+08:00,2026-05-18T14:54:15+08:00,real-ip,192.168.1.151,BW_3N5CRT22,3.0,2,gripper_adjust,right,0.800,right,,,0.050,0.800,success,,0.800,0.800,"[0.000, 0.000, 0.000, 0.000, 0.000, 0.000, 0.000]","[0.000, 0.000, 0.000, 0.000, 0.000, 0.000, 0.000]",tighten,feat/latte-pour-real-tune,fbbf464
2026-05-18T14:54:31+08:00,2026-05-18T14:54:15+08:00,real-ip,192.168.1.151,BW_3N5CRT22,3.0,2,gripper_adjust,right,0.750,right,,,0.050,0.750,success,,0.800,0.750,"[0.000, 0.000, 0.000, 0.000, 0.000, 0.000, 0.000]","[0.000, 0.000, 0.000, 0.000, 0.000, 0.000, 0.000]",tighten,feat/latte-pour-real-tune,fbbf464
2026-05-18T15:12:46+08:00,2026-05-18T14:54:15+08:00,real-ip,192.168.1.151,BW_3N5CRT22,3.0,15,both_pre_shutdown_vertical_v2,both_arms,"right=(pose=pre_shutdown_vertical_v2, shoulder_pitch=0.000, shoulder_yaw=0.000, shoulder_roll=0.000, elbow_pitch=1.012, wrist_roll=0.000, wrist_pitch=0.000, wrist_yaw=0.000); left=(pose=pre_shutdown_vertical_v2, shoulder_pitch=0.000, shoulder_yaw=0.000, shoulder_roll=0.000, elbow_pitch=1.012, wrist_roll=0.000, wrist_pitch=0.000, wrist_yaw=0.000)",both,,,,"right=(pose=pre_shutdown_vertical_v2, shoulder_pitch=0.000, shoulder_yaw=0.000, shoulder_roll=0.000, elbow_pitch=1.012, wrist_roll=0.000, wrist_pitch=0.000, wrist_yaw=0.000); left=(pose=pre_shutdown_vertical_v2, shoulder_pitch=0.000, shoulder_yaw=0.000, shoulder_roll=0.000, elbow_pitch=1.012, wrist_roll=0.000, wrist_pitch=0.000, wrist_yaw=0.000)",success,,0.800,0.750,"[0.000, 0.000, 0.000, 1.012, 0.000, 0.000, 0.000]","[0.000, 0.000, 0.000, 1.012, 0.000, 0.000, 0.000]",,feat/latte-pour-real-tune,fbbf464
2026-05-18T15:12:52+08:00,2026-05-18T14:54:15+08:00,real-ip,192.168.1.151,BW_3N5CRT22,3.0,10,arm_home,both,"[0.000, 0.000, 0.000, 0.000, 0.000, 0.000, 0.000]",both,,,,"[0.000, 0.000, 0.000, 0.000, 0.000, 0.000, 0.000]",success,,0.800,0.750,"[0.000, 0.000, 0.000, 0.000, 0.000, 0.000, 0.000]","[0.000, 0.000, 0.000, 0.000, 0.000, 0.000, 0.000]",,feat/latte-pour-real-tune,fbbf464
2026-05-18T15:21:46+08:00,2026-05-18T14:54:15+08:00,real-ip,192.168.1.151,BW_3N5CRT22,3.0,10,arm_home,both,"[0.000, 0.000, 0.000, 0.000, 0.000, 0.000, 0.000]",both,,,,"[0.000, 0.000, 0.000, 0.000, 0.000, 0.000, 0.000]",success,,0.800,0.750,"[0.000, 0.000, 0.000, 0.000, 0.000, 0.000, 0.000]","[0.000, 0.000, 0.000, 0.000, 0.000, 0.000, 0.000]",,feat/latte-pour-real-tune,fbbf464
2026-05-18T16:37:56+08:00,2026-05-18T14:54:15+08:00,real-ip,192.168.1.151,BW_3N5CRT22,3.0,15,both_pre_shutdown_vertical_v2,both_arms,"right=(pose=pre_shutdown_vertical_v2, shoulder_pitch=0.000, shoulder_yaw=0.000, shoulder_roll=0.000, elbow_pitch=1.012, wrist_roll=0.000, wrist_pitch=0.000, wrist_yaw=0.000); left=(pose=pre_shutdown_vertical_v2, shoulder_pitch=0.000, shoulder_yaw=0.000, shoulder_roll=0.000, elbow_pitch=1.012, wrist_roll=0.000, wrist_pitch=0.000, wrist_yaw=0.000)",both,,,,"right=(pose=pre_shutdown_vertical_v2, shoulder_pitch=0.000, shoulder_yaw=0.000, shoulder_roll=0.000, elbow_pitch=1.012, wrist_roll=0.000, wrist_pitch=0.000, wrist_yaw=0.000); left=(pose=pre_shutdown_vertical_v2, shoulder_pitch=0.000, shoulder_yaw=0.000, shoulder_roll=0.000, elbow_pitch=1.012, wrist_roll=0.000, wrist_pitch=0.000, wrist_yaw=0.000)",success,,0.800,0.750,"[0.000, 0.000, 0.000, 1.012, 0.000, 0.000, 0.000]","[0.000, 0.000, 0.000, 1.012, 0.000, 0.000, 0.000]",,feat/latte-pour-real-tune,fbbf464
2026-05-19T11:07:26+08:00,2026-05-19T11:07:23+08:00,real-ip,192.168.1.151,BW_3N5CRT22,3.0,session,connect,,,,,,,,success,,0.800,0.800,"[?, ?, ?, ?, ?, ?, ?]","[?, ?, ?, ?, ?, ?, ?]",,feat/latte-pour-real-tune,e8c0ad1
2026-05-19T11:38:51+08:00,2026-05-19T11:07:23+08:00,real-ip,192.168.1.151,BW_3N5CRT22,3.0,15,both_pre_shutdown_vertical_v2,both_arms,"right=(pose=pre_shutdown_vertical_v2, shoulder_pitch=0.000, shoulder_yaw=0.000, shoulder_roll=0.000, elbow_pitch=1.012, wrist_roll=0.000, wrist_pitch=0.000, wrist_yaw=0.000); left=(pose=pre_shutdown_vertical_v2, shoulder_pitch=0.000, shoulder_yaw=0.000, shoulder_roll=0.000, elbow_pitch=1.012, wrist_roll=0.000, wrist_pitch=0.000, wrist_yaw=0.000)",both,,,,"right=(pose=pre_shutdown_vertical_v2, shoulder_pitch=0.000, shoulder_yaw=0.000, shoulder_roll=0.000, elbow_pitch=1.012, wrist_roll=0.000, wrist_pitch=0.000, wrist_yaw=0.000); left=(pose=pre_shutdown_vertical_v2, shoulder_pitch=0.000, shoulder_yaw=0.000, shoulder_roll=0.000, elbow_pitch=1.012, wrist_roll=0.000, wrist_pitch=0.000, wrist_yaw=0.000)",success,,0.800,0.800,"[0.000, 0.000, 0.000, 1.012, 0.000, 0.000, 0.000]","[0.000, 0.000, 0.000, 1.012, 0.000, 0.000, 0.000]",15,feat/latte-pour-real-tune,e8c0ad1
2026-05-19T11:51:01+08:00,2026-05-19T11:07:23+08:00,real-ip,192.168.1.151,BW_3N5CRT22,3.0,15,both_pre_shutdown_vertical_v2,both_arms,"right=(pose=pre_shutdown_vertical_v2, shoulder_pitch=0.000, shoulder_yaw=0.000, shoulder_roll=0.000, elbow_pitch=1.012, wrist_roll=0.000, wrist_pitch=0.000, wrist_yaw=0.000); left=(pose=pre_shutdown_vertical_v2, shoulder_pitch=0.000, shoulder_yaw=0.000, shoulder_roll=0.000, elbow_pitch=1.012, wrist_roll=0.000, wrist_pitch=0.000, wrist_yaw=0.000)",both,,,,"right=(pose=pre_shutdown_vertical_v2, shoulder_pitch=0.000, shoulder_yaw=0.000, shoulder_roll=0.000, elbow_pitch=1.012, wrist_roll=0.000, wrist_pitch=0.000, wrist_yaw=0.000); left=(pose=pre_shutdown_vertical_v2, shoulder_pitch=0.000, shoulder_yaw=0.000, shoulder_roll=0.000, elbow_pitch=1.012, wrist_roll=0.000, wrist_pitch=0.000, wrist_yaw=0.000)",success,,0.800,0.800,"[0.000, 0.000, 0.000, 1.012, 0.000, 0.000, 0.000]","[0.000, 0.000, 0.000, 1.012, 0.000, 0.000, 0.000]",15,feat/latte-pour-real-tune,e8c0ad1
2026-05-19T12:12:02+08:00,2026-05-19T11:07:23+08:00,real-ip,192.168.1.151,BW_3N5CRT22,3.0,15,both_pre_shutdown_vertical_v2,both_arms,"right=(pose=pre_shutdown_vertical_v2, shoulder_pitch=0.000, shoulder_yaw=0.000, shoulder_roll=0.000, elbow_pitch=1.012, wrist_roll=0.000, wrist_pitch=0.000, wrist_yaw=0.000); left=(pose=pre_shutdown_vertical_v2, shoulder_pitch=0.000, shoulder_yaw=0.000, shoulder_roll=0.000, elbow_pitch=1.012, wrist_roll=0.000, wrist_pitch=0.000, wrist_yaw=0.000)",both,,,,"right=(pose=pre_shutdown_vertical_v2, shoulder_pitch=0.000, shoulder_yaw=0.000, shoulder_roll=0.000, elbow_pitch=1.012, wrist_roll=0.000, wrist_pitch=0.000, wrist_yaw=0.000); left=(pose=pre_shutdown_vertical_v2, shoulder_pitch=0.000, shoulder_yaw=0.000, shoulder_roll=0.000, elbow_pitch=1.012, wrist_roll=0.000, wrist_pitch=0.000, wrist_yaw=0.000)",success,,0.800,0.800,"[0.000, 0.000, 0.000, 1.012, 0.000, 0.000, 0.000]","[0.000, 0.000, 0.000, 1.012, 0.000, 0.000, 0.000]",,feat/latte-pour-real-tune,e8c0ad1
2026-05-19T14:27:40+08:00,2026-05-19T11:07:23+08:00,real-ip,192.168.1.151,BW_3N5CRT22,3.0,15,both_pre_shutdown_vertical_v2,both_arms,"right=(pose=pre_shutdown_vertical_v2, shoulder_pitch=0.000, shoulder_yaw=0.000, shoulder_roll=0.000, elbow_pitch=1.012, wrist_roll=0.000, wrist_pitch=0.000, wrist_yaw=0.000); left=(pose=pre_shutdown_vertical_v2, shoulder_pitch=0.000, shoulder_yaw=0.000, shoulder_roll=0.000, elbow_pitch=1.012, wrist_roll=0.000, wrist_pitch=0.000, wrist_yaw=0.000)",both,,,,"right=(pose=pre_shutdown_vertical_v2, shoulder_pitch=0.000, shoulder_yaw=0.000, shoulder_roll=0.000, elbow_pitch=1.012, wrist_roll=0.000, wrist_pitch=0.000, wrist_yaw=0.000); left=(pose=pre_shutdown_vertical_v2, shoulder_pitch=0.000, shoulder_yaw=0.000, shoulder_roll=0.000, elbow_pitch=1.012, wrist_roll=0.000, wrist_pitch=0.000, wrist_yaw=0.000)",success,,0.800,0.800,"[0.000, 0.000, 0.000, 1.012, 0.000, 0.000, 0.000]","[0.000, 0.000, 0.000, 1.012, 0.000, 0.000, 0.000]",15,feat/latte-pour-real-tune,e8c0ad1
2026-05-19T14:46:53+08:00,2026-05-19T11:07:23+08:00,real-ip,192.168.1.151,BW_3N5CRT22,3.0,15,both_pre_shutdown_vertical_v2,both_arms,"right=(pose=pre_shutdown_vertical_v2, shoulder_pitch=0.000, shoulder_yaw=0.000, shoulder_roll=0.000, elbow_pitch=1.012, wrist_roll=0.000, wrist_pitch=0.000, wrist_yaw=0.000); left=(pose=pre_shutdown_vertical_v2, shoulder_pitch=0.000, shoulder_yaw=0.000, shoulder_roll=0.000, elbow_pitch=1.012, wrist_roll=0.000, wrist_pitch=0.000, wrist_yaw=0.000)",both,,,,"right=(pose=pre_shutdown_vertical_v2, shoulder_pitch=0.000, shoulder_yaw=0.000, shoulder_roll=0.000, elbow_pitch=1.012, wrist_roll=0.000, wrist_pitch=0.000, wrist_yaw=0.000); left=(pose=pre_shutdown_vertical_v2, shoulder_pitch=0.000, shoulder_yaw=0.000, shoulder_roll=0.000, elbow_pitch=1.012, wrist_roll=0.000, wrist_pitch=0.000, wrist_yaw=0.000)",success,,0.800,0.800,"[0.000, 0.000, 0.000, 1.012, 0.000, 0.000, 0.000]","[0.000, 0.000, 0.000, 1.012, 0.000, 0.000, 0.000]",12,feat/latte-pour-real-tune,e8c0ad1
2026-05-19T14:54:16+08:00,2026-05-19T11:07:23+08:00,real-ip,192.168.1.151,BW_3N5CRT22,3.0,15,both_pre_shutdown_vertical_v2,both_arms,"right=(pose=pre_shutdown_vertical_v2, shoulder_pitch=0.000, shoulder_yaw=0.000, shoulder_roll=0.000, elbow_pitch=1.012, wrist_roll=0.000, wrist_pitch=0.000, wrist_yaw=0.000); left=(pose=pre_shutdown_vertical_v2, shoulder_pitch=0.000, shoulder_yaw=0.000, shoulder_roll=0.000, elbow_pitch=1.012, wrist_roll=0.000, wrist_pitch=0.000, wrist_yaw=0.000)",both,,,,"right=(pose=pre_shutdown_vertical_v2, shoulder_pitch=0.000, shoulder_yaw=0.000, shoulder_roll=0.000, elbow_pitch=1.012, wrist_roll=0.000, wrist_pitch=0.000, wrist_yaw=0.000); left=(pose=pre_shutdown_vertical_v2, shoulder_pitch=0.000, shoulder_yaw=0.000, shoulder_roll=0.000, elbow_pitch=1.012, wrist_roll=0.000, wrist_pitch=0.000, wrist_yaw=0.000)",success,,0.800,0.800,"[0.000, 0.000, 0.000, 1.012, 0.000, 0.000, 0.000]","[0.000, 0.000, 0.000, 1.012, 0.000, 0.000, 0.000]",,feat/latte-pour-real-tune,e8c0ad1
2026-05-19T14:54:23+08:00,2026-05-19T11:07:23+08:00,real-ip,192.168.1.151,BW_3N5CRT22,3.0,9,arm_home,left,"[0.000, 0.000, 0.000, 0.000, 0.000, 0.000, 0.000]",left,,,,"[0.000, 0.000, 0.000, 0.000, 0.000, 0.000, 0.000]",success,,0.800,0.800,"[0.000, 0.000, 0.000, 0.000, 0.000, 0.000, 0.000]","[0.000, 0.000, 0.000, 1.012, 0.000, 0.000, 0.000]",,feat/latte-pour-real-tune,e8c0ad1
2026-05-19T14:54:34+08:00,2026-05-19T11:07:23+08:00,real-ip,192.168.1.151,BW_3N5CRT22,3.0,10,arm_home,both,"[0.000, 0.000, 0.000, 0.000, 0.000, 0.000, 0.000]",both,,,,"[0.000, 0.000, 0.000, 0.000, 0.000, 0.000, 0.000]",success,,0.800,0.800,"[0.000, 0.000, 0.000, 0.000, 0.000, 0.000, 0.000]","[0.000, 0.000, 0.000, 0.000, 0.000, 0.000, 0.000]",,feat/latte-pour-real-tune,e8c0ad1
2026-05-19T14:54:43+08:00,2026-05-19T11:07:23+08:00,real-ip,192.168.1.151,BW_3N5CRT22,3.0,9,arm_home,left,"[0.000, 0.000, 0.000, 0.000, 0.000, 0.000, 0.000]",left,,,,"[0.000, 0.000, 0.000, 0.000, 0.000, 0.000, 0.000]",success,,0.800,0.800,"[0.000, 0.000, 0.000, 0.000, 0.000, 0.000, 0.000]","[0.000, 0.000, 0.000, 0.000, 0.000, 0.000, 0.000]",,feat/latte-pour-real-tune,e8c0ad1
2026-05-19T14:54:54+08:00,2026-05-19T11:07:23+08:00,real-ip,192.168.1.151,BW_3N5CRT22,3.0,9,arm_home,left,"[0.000, 0.000, 0.000, 0.000, 0.000, 0.000, 0.000]",left,,,,"[0.000, 0.000, 0.000, 0.000, 0.000, 0.000, 0.000]",success,,0.800,0.800,"[0.000, 0.000, 0.000, 0.000, 0.000, 0.000, 0.000]","[0.000, 0.000, 0.000, 0.000, 0.000, 0.000, 0.000]",,feat/latte-pour-real-tune,e8c0ad1
2026-05-19T14:55:02+08:00,2026-05-19T11:07:23+08:00,real-ip,192.168.1.151,BW_3N5CRT22,3.0,6,open_gripper,left,1.00,left,,,,1.00,success,,1.000,0.800,"[0.000, 0.000, 0.000, 0.000, 0.000, 0.000, 0.000]","[0.000, 0.000, 0.000, 0.000, 0.000, 0.000, 0.000]",,feat/latte-pour-real-tune,e8c0ad1
2026-05-19T14:55:13+08:00,2026-05-19T11:07:23+08:00,real-ip,192.168.1.151,BW_3N5CRT22,3.0,9,arm_home,left,,left,,,,,cancelled,,1.000,0.800,"[0.000, 0.000, 0.000, 0.000, 0.000, 0.000, 0.000]","[0.000, 0.000, 0.000, 0.000, 0.000, 0.000, 0.000]",,feat/latte-pour-real-tune,e8c0ad1
2026-05-19T15:16:54+08:00,2026-05-19T11:07:23+08:00,real-ip,192.168.1.151,BW_3N5CRT22,3.0,15,both_pre_shutdown_vertical_v2,both_arms,"right=(pose=pre_shutdown_vertical_v2, shoulder_pitch=0.000, shoulder_yaw=0.000, shoulder_roll=0.000, elbow_pitch=1.012, wrist_roll=0.000, wrist_pitch=0.000, wrist_yaw=0.000); left=(pose=pre_shutdown_vertical_v2, shoulder_pitch=0.000, shoulder_yaw=0.000, shoulder_roll=0.000, elbow_pitch=1.012, wrist_roll=0.000, wrist_pitch=0.000, wrist_yaw=0.000)",both,,,,"right=(pose=pre_shutdown_vertical_v2, shoulder_pitch=0.000, shoulder_yaw=0.000, shoulder_roll=0.000, elbow_pitch=1.012, wrist_roll=0.000, wrist_pitch=0.000, wrist_yaw=0.000); left=(pose=pre_shutdown_vertical_v2, shoulder_pitch=0.000, shoulder_yaw=0.000, shoulder_roll=0.000, elbow_pitch=1.012, wrist_roll=0.000, wrist_pitch=0.000, wrist_yaw=0.000)",success,,1.000,0.800,"[0.000, 0.000, 0.000, 1.012, 0.000, 0.000, 0.000]","[0.000, 0.000, 0.000, 1.012, 0.000, 0.000, 0.000]",,feat/latte-pour-real-tune,e8c0ad1
2026-05-19T15:29:09+08:00,2026-05-19T11:07:23+08:00,real-ip,192.168.1.151,BW_3N5CRT22,3.0,15,both_pre_shutdown_vertical_v2,both_arms,"right=(pose=pre_shutdown_vertical_v2, shoulder_pitch=0.000, shoulder_yaw=0.000, shoulder_roll=0.000, elbow_pitch=1.012, wrist_roll=0.000, wrist_pitch=0.000, wrist_yaw=0.000); left=(pose=pre_shutdown_vertical_v2, shoulder_pitch=0.000, shoulder_yaw=0.000, shoulder_roll=0.000, elbow_pitch=1.012, wrist_roll=0.000, wrist_pitch=0.000, wrist_yaw=0.000)",both,,,,"right=(pose=pre_shutdown_vertical_v2, shoulder_pitch=0.000, shoulder_yaw=0.000, shoulder_roll=0.000, elbow_pitch=1.012, wrist_roll=0.000, wrist_pitch=0.000, wrist_yaw=0.000); left=(pose=pre_shutdown_vertical_v2, shoulder_pitch=0.000, shoulder_yaw=0.000, shoulder_roll=0.000, elbow_pitch=1.012, wrist_roll=0.000, wrist_pitch=0.000, wrist_yaw=0.000)",success,,1.000,0.800,"[0.000, 0.000, 0.000, 1.012, 0.000, 0.000, 0.000]","[0.000, 0.000, 0.000, 1.012, 0.000, 0.000, 0.000]",,feat/latte-pour-real-tune,e8c0ad1
2026-05-19T15:29:23+08:00,2026-05-19T11:07:23+08:00,real-ip,192.168.1.151,BW_3N5CRT22,3.0,15,both_pre_shutdown_vertical_v2,both_arms,"right=(pose=pre_shutdown_vertical_v2, shoulder_pitch=0.000, shoulder_yaw=0.000, shoulder_roll=0.000, elbow_pitch=1.012, wrist_roll=0.000, wrist_pitch=0.000, wrist_yaw=0.000); left=(pose=pre_shutdown_vertical_v2, shoulder_pitch=0.000, shoulder_yaw=0.000, shoulder_roll=0.000, elbow_pitch=1.012, wrist_roll=0.000, wrist_pitch=0.000, wrist_yaw=0.000)",both,,,,"right=(pose=pre_shutdown_vertical_v2, shoulder_pitch=0.000, shoulder_yaw=0.000, shoulder_roll=0.000, elbow_pitch=1.012, wrist_roll=0.000, wrist_pitch=0.000, wrist_yaw=0.000); left=(pose=pre_shutdown_vertical_v2, shoulder_pitch=0.000, shoulder_yaw=0.000, shoulder_roll=0.000, elbow_pitch=1.012, wrist_roll=0.000, wrist_pitch=0.000, wrist_yaw=0.000)",success,,1.000,0.800,"[0.000, 0.000, 0.000, 1.012, 0.000, 0.000, 0.000]","[0.000, 0.000, 0.000, 1.012, 0.000, 0.000, 0.000]",,feat/latte-pour-real-tune,e8c0ad1
2026-05-19T15:39:23+08:00,2026-05-19T11:07:23+08:00,real-ip,192.168.1.151,BW_3N5CRT22,3.0,10,arm_home,both,"[0.000, 0.000, 0.000, 0.000, 0.000, 0.000, 0.000]",both,,,,"[0.000, 0.000, 0.000, 0.000, 0.000, 0.000, 0.000]",success,,1.000,0.800,"[0.000, 0.000, 0.000, 0.000, 0.000, 0.000, 0.000]","[0.000, 0.000, 0.000, 0.000, 0.000, 0.000, 0.000]",,feat/latte-pour-real-tune,e8c0ad1
2026-05-19T15:39:29+08:00,2026-05-19T11:07:23+08:00,real-ip,192.168.1.151,BW_3N5CRT22,3.0,10,arm_home,both,"[0.000, 0.000, 0.000, 0.000, 0.000, 0.000, 0.000]",both,,,,"[0.000, 0.000, 0.000, 0.000, 0.000, 0.000, 0.000]",success,,1.000,0.800,"[0.000, 0.000, 0.000, 0.000, 0.000, 0.000, 0.000]","[0.000, 0.000, 0.000, 0.000, 0.000, 0.000, 0.000]",,feat/latte-pour-real-tune,e8c0ad1
2026-05-19T15:56:55+08:00,2026-05-19T11:07:23+08:00,real-ip,192.168.1.151,BW_3N5CRT22,3.0,15,both_pre_shutdown_vertical_v2,both_arms,"right=(pose=pre_shutdown_vertical_v2, shoulder_pitch=0.000, shoulder_yaw=0.000, shoulder_roll=0.000, elbow_pitch=1.012, wrist_roll=0.000, wrist_pitch=0.000, wrist_yaw=0.000); left=(pose=pre_shutdown_vertical_v2, shoulder_pitch=0.000, shoulder_yaw=0.000, shoulder_roll=0.000, elbow_pitch=1.012, wrist_roll=0.000, wrist_pitch=0.000, wrist_yaw=0.000)",both,,,,"right=(pose=pre_shutdown_vertical_v2, shoulder_pitch=0.000, shoulder_yaw=0.000, shoulder_roll=0.000, elbow_pitch=1.012, wrist_roll=0.000, wrist_pitch=0.000, wrist_yaw=0.000); left=(pose=pre_shutdown_vertical_v2, shoulder_pitch=0.000, shoulder_yaw=0.000, shoulder_roll=0.000, elbow_pitch=1.012, wrist_roll=0.000, wrist_pitch=0.000, wrist_yaw=0.000)",success,,1.000,0.800,"[0.000, 0.000, 0.000, 1.012, 0.000, 0.000, 0.000]","[0.000, 0.000, 0.000, 1.012, 0.000, 0.000, 0.000]",,feat/latte-pour-real-tune,e8c0ad1
2026-05-19T15:57:00+08:00,2026-05-19T11:07:23+08:00,real-ip,192.168.1.151,BW_3N5CRT22,3.0,10,arm_home,both,"[0.000, 0.000, 0.000, 0.000, 0.000, 0.000, 0.000]",both,,,,"[0.000, 0.000, 0.000, 0.000, 0.000, 0.000, 0.000]",success,,1.000,0.800,"[0.000, 0.000, 0.000, 0.000, 0.000, 0.000, 0.000]","[0.000, 0.000, 0.000, 0.000, 0.000, 0.000, 0.000]",,feat/latte-pour-real-tune,e8c0ad1
2026-05-19T16:01:46+08:00,2026-05-19T11:07:23+08:00,real-ip,192.168.1.151,BW_3N5CRT22,3.0,15,both_pre_shutdown_vertical_v2,both_arms,"right=(pose=pre_shutdown_vertical_v2, shoulder_pitch=0.000, shoulder_yaw=0.000, shoulder_roll=0.000, elbow_pitch=1.012, wrist_roll=0.000, wrist_pitch=0.000, wrist_yaw=0.000); left=(pose=pre_shutdown_vertical_v2, shoulder_pitch=0.000, shoulder_yaw=0.000, shoulder_roll=0.000, elbow_pitch=1.012, wrist_roll=0.000, wrist_pitch=0.000, wrist_yaw=0.000)",both,,,,"right=(pose=pre_shutdown_vertical_v2, shoulder_pitch=0.000, shoulder_yaw=0.000, shoulder_roll=0.000, elbow_pitch=1.012, wrist_roll=0.000, wrist_pitch=0.000, wrist_yaw=0.000); left=(pose=pre_shutdown_vertical_v2, shoulder_pitch=0.000, shoulder_yaw=0.000, shoulder_roll=0.000, elbow_pitch=1.012, wrist_roll=0.000, wrist_pitch=0.000, wrist_yaw=0.000)",success,,1.000,0.800,"[0.000, 0.000, 0.000, 1.012, 0.000, 0.000, 0.000]","[0.000, 0.000, 0.000, 1.012, 0.000, 0.000, 0.000]",,feat/latte-pour-real-tune,e8c0ad1
2026-05-19T16:05:03+08:00,2026-05-19T11:07:23+08:00,real-ip,192.168.1.151,BW_3N5CRT22,3.0,6,open_gripper,left,1.00,left,,,,1.00,success,,1.000,0.800,"[0.000, 0.000, 0.000, 1.012, 0.000, 0.000, 0.000]","[0.000, 0.000, 0.000, 1.012, 0.000, 0.000, 0.000]",,feat/latte-pour-real-tune,e8c0ad1
2026-05-19T16:05:10+08:00,2026-05-19T11:07:23+08:00,real-ip,192.168.1.151,BW_3N5CRT22,3.0,4,gripper_adjust,left,0.950,left,,,0.050,0.950,success,,0.950,0.800,"[0.000, 0.000, 0.000, 1.012, 0.000, 0.000, 0.000]","[0.000, 0.000, 0.000, 1.012, 0.000, 0.000, 0.000]",tighten,feat/latte-pour-real-tune,e8c0ad1
2026-05-19T16:05:11+08:00,2026-05-19T11:07:23+08:00,real-ip,192.168.1.151,BW_3N5CRT22,3.0,4,gripper_adjust,left,0.900,left,,,0.050,0.900,success,,0.900,0.800,"[0.000, 0.000, 0.000, 1.012, 0.000, 0.000, 0.000]","[0.000, 0.000, 0.000, 1.012, 0.000, 0.000, 0.000]",tighten,feat/latte-pour-real-tune,e8c0ad1
2026-05-19T16:05:12+08:00,2026-05-19T11:07:23+08:00,real-ip,192.168.1.151,BW_3N5CRT22,3.0,4,gripper_adjust,left,0.850,left,,,0.050,0.850,success,,0.850,0.800,"[0.000, 0.000, 0.000, 1.012, 0.000, 0.000, 0.000]","[0.000, 0.000, 0.000, 1.012, 0.000, 0.000, 0.000]",tighten,feat/latte-pour-real-tune,e8c0ad1
2026-05-19T16:05:12+08:00,2026-05-19T11:07:23+08:00,real-ip,192.168.1.151,BW_3N5CRT22,3.0,4,gripper_adjust,left,0.800,left,,,0.050,0.800,success,,0.800,0.800,"[0.000, 0.000, 0.000, 1.012, 0.000, 0.000, 0.000]","[0.000, 0.000, 0.000, 1.012, 0.000, 0.000, 0.000]",tighten,feat/latte-pour-real-tune,e8c0ad1
2026-05-19T16:05:13+08:00,2026-05-19T11:07:23+08:00,real-ip,192.168.1.151,BW_3N5CRT22,3.0,4,gripper_adjust,left,0.750,left,,,0.050,0.750,success,,0.750,0.800,"[0.000, 0.000, 0.000, 1.012, 0.000, 0.000, 0.000]","[0.000, 0.000, 0.000, 1.012, 0.000, 0.000, 0.000]",tighten,feat/latte-pour-real-tune,e8c0ad1
2026-05-19T16:05:20+08:00,2026-05-19T11:07:23+08:00,real-ip,192.168.1.151,BW_3N5CRT22,3.0,10,arm_home,both,"[0.000, 0.000, 0.000, 0.000, 0.000, 0.000, 0.000]",both,,,,"[0.000, 0.000, 0.000, 0.000, 0.000, 0.000, 0.000]",success,,0.750,0.800,"[0.000, 0.000, 0.000, 0.000, 0.000, 0.000, 0.000]","[0.000, 0.000, 0.000, 0.000, 0.000, 0.000, 0.000]",,feat/latte-pour-real-tune,e8c0ad1
2026-05-19T16:05:29+08:00,2026-05-19T11:07:23+08:00,real-ip,192.168.1.151,BW_3N5CRT22,3.0,6,open_gripper,left,1.00,left,,,,1.00,success,,1.000,0.800,"[0.000, 0.000, 0.000, 0.000, 0.000, 0.000, 0.000]","[0.000, 0.000, 0.000, 0.000, 0.000, 0.000, 0.000]",,feat/latte-pour-real-tune,e8c0ad1
2026-05-19T16:05:32+08:00,2026-05-19T11:07:23+08:00,real-ip,192.168.1.151,BW_3N5CRT22,3.0,4,gripper_adjust,left,0.950,left,,,0.050,0.950,success,,0.950,0.800,"[0.000, 0.000, 0.000, 0.000, 0.000, 0.000, 0.000]","[0.000, 0.000, 0.000, 0.000, 0.000, 0.000, 0.000]",tighten,feat/latte-pour-real-tune,e8c0ad1
2026-05-19T16:05:34+08:00,2026-05-19T11:07:23+08:00,real-ip,192.168.1.151,BW_3N5CRT22,3.0,4,gripper_adjust,left,0.900,left,,,0.050,0.900,success,,0.900,0.800,"[0.000, 0.000, 0.000, 0.000, 0.000, 0.000, 0.000]","[0.000, 0.000, 0.000, 0.000, 0.000, 0.000, 0.000]",tighten,feat/latte-pour-real-tune,e8c0ad1
2026-05-19T16:05:35+08:00,2026-05-19T11:07:23+08:00,real-ip,192.168.1.151,BW_3N5CRT22,3.0,4,gripper_adjust,left,0.850,left,,,0.050,0.850,success,,0.850,0.800,"[0.000, 0.000, 0.000, 0.000, 0.000, 0.000, 0.000]","[0.000, 0.000, 0.000, 0.000, 0.000, 0.000, 0.000]",tighten,feat/latte-pour-real-tune,e8c0ad1
2026-05-19T16:05:36+08:00,2026-05-19T11:07:23+08:00,real-ip,192.168.1.151,BW_3N5CRT22,3.0,4,gripper_adjust,left,0.800,left,,,0.050,0.800,success,,0.800,0.800,"[0.000, 0.000, 0.000, 0.000, 0.000, 0.000, 0.000]","[0.000, 0.000, 0.000, 0.000, 0.000, 0.000, 0.000]",tighten,feat/latte-pour-real-tune,e8c0ad1
2026-05-19T16:05:37+08:00,2026-05-19T11:07:23+08:00,real-ip,192.168.1.151,BW_3N5CRT22,3.0,4,gripper_adjust,left,0.750,left,,,0.050,0.750,success,,0.750,0.800,"[0.000, 0.000, 0.000, 0.000, 0.000, 0.000, 0.000]","[0.000, 0.000, 0.000, 0.000, 0.000, 0.000, 0.000]",tighten,feat/latte-pour-real-tune,e8c0ad1
2026-05-19T16:05:38+08:00,2026-05-19T11:07:23+08:00,real-ip,192.168.1.151,BW_3N5CRT22,3.0,4,gripper_adjust,left,0.700,left,,,0.050,0.700,success,,0.700,0.800,"[0.000, 0.000, 0.000, 0.000, 0.000, 0.000, 0.000]","[0.000, 0.000, 0.000, 0.000, 0.000, 0.000, 0.000]",tighten,feat/latte-pour-real-tune,e8c0ad1
2026-05-19T16:05:39+08:00,2026-05-19T11:07:23+08:00,real-ip,192.168.1.151,BW_3N5CRT22,3.0,4,gripper_adjust,left,0.650,left,,,0.050,0.650,success,,0.650,0.800,"[0.000, 0.000, 0.000, 0.000, 0.000, 0.000, 0.000]","[0.000, 0.000, 0.000, 0.000, 0.000, 0.000, 0.000]",tighten,feat/latte-pour-real-tune,e8c0ad1
2026-05-19T16:05:39+08:00,2026-05-19T11:07:23+08:00,real-ip,192.168.1.151,BW_3N5CRT22,3.0,4,gripper_adjust,left,0.600,left,,,0.050,0.600,success,,0.600,0.800,"[0.000, 0.000, 0.000, 0.000, 0.000, 0.000, 0.000]","[0.000, 0.000, 0.000, 0.000, 0.000, 0.000, 0.000]",tighten,feat/latte-pour-real-tune,e8c0ad1
2026-05-19T16:05:40+08:00,2026-05-19T11:07:23+08:00,real-ip,192.168.1.151,BW_3N5CRT22,3.0,4,gripper_adjust,left,0.550,left,,,0.050,0.550,success,,0.550,0.800,"[0.000, 0.000, 0.000, 0.000, 0.000, 0.000, 0.000]","[0.000, 0.000, 0.000, 0.000, 0.000, 0.000, 0.000]",tighten,feat/latte-pour-real-tune,e8c0ad1
2026-05-19T16:05:41+08:00,2026-05-19T11:07:23+08:00,real-ip,192.168.1.151,BW_3N5CRT22,3.0,4,gripper_adjust,left,0.500,left,,,0.050,0.500,success,,0.500,0.800,"[0.000, 0.000, 0.000, 0.000, 0.000, 0.000, 0.000]","[0.000, 0.000, 0.000, 0.000, 0.000, 0.000, 0.000]",tighten,feat/latte-pour-real-tune,e8c0ad1
2026-05-19T16:05:47+08:00,2026-05-19T11:07:23+08:00,real-ip,192.168.1.151,BW_3N5CRT22,3.0,3,gripper_adjust,left,0.550,left,,,0.050,0.550,success,,0.550,0.800,"[0.000, 0.000, 0.000, 0.000, 0.000, 0.000, 0.000]","[0.000, 0.000, 0.000, 0.000, 0.000, 0.000, 0.000]",loosen,feat/latte-pour-real-tune,e8c0ad1
2026-05-19T16:05:50+08:00,2026-05-19T11:07:23+08:00,real-ip,192.168.1.151,BW_3N5CRT22,3.0,3,gripper_adjust,left,0.600,left,,,0.050,0.600,success,,0.600,0.800,"[0.000, 0.000, 0.000, 0.000, 0.000, 0.000, 0.000]","[0.000, 0.000, 0.000, 0.000, 0.000, 0.000, 0.000]",loosen,feat/latte-pour-real-tune,e8c0ad1
2026-05-19T16:05:50+08:00,2026-05-19T11:07:23+08:00,real-ip,192.168.1.151,BW_3N5CRT22,3.0,3,gripper_adjust,left,0.650,left,,,0.050,0.650,success,,0.650,0.800,"[0.000, 0.000, 0.000, 0.000, 0.000, 0.000, 0.000]","[0.000, 0.000, 0.000, 0.000, 0.000, 0.000, 0.000]",loosen,feat/latte-pour-real-tune,e8c0ad1
2026-05-19T16:05:56+08:00,2026-05-19T11:07:23+08:00,real-ip,192.168.1.151,BW_3N5CRT22,3.0,3,gripper_adjust,left,0.700,left,,,0.050,0.700,success,,0.700,0.800,"[0.000, 0.000, 0.000, 0.000, 0.000, 0.000, 0.000]","[0.000, 0.000, 0.000, 0.000, 0.000, 0.000, 0.000]",loosen,feat/latte-pour-real-tune,e8c0ad1
2026-05-19T16:05:57+08:00,2026-05-19T11:07:23+08:00,real-ip,192.168.1.151,BW_3N5CRT22,3.0,3,gripper_adjust,left,0.750,left,,,0.050,0.750,success,,0.750,0.800,"[0.000, 0.000, 0.000, 0.000, 0.000, 0.000, 0.000]","[0.000, 0.000, 0.000, 0.000, 0.000, 0.000, 0.000]",loosen,feat/latte-pour-real-tune,e8c0ad1
2026-05-19T16:06:03+08:00,2026-05-19T11:07:23+08:00,real-ip,192.168.1.151,BW_3N5CRT22,3.0,3,gripper_adjust,left,0.800,left,,,0.050,0.800,success,,0.800,0.800,"[0.000, 0.000, 0.000, 0.000, 0.000, 0.000, 0.000]","[0.000, 0.000, 0.000, 0.000, 0.000, 0.000, 0.000]",loosen,feat/latte-pour-real-tune,e8c0ad1
2026-05-19T16:06:10+08:00,2026-05-19T11:07:23+08:00,real-ip,192.168.1.151,BW_3N5CRT22,3.0,3,gripper_adjust,left,0.850,left,,,0.050,0.850,success,,0.850,0.800,"[0.000, 0.000, 0.000, 0.000, 0.000, 0.000, 0.000]","[0.000, 0.000, 0.000, 0.000, 0.000, 0.000, 0.000]",loosen,feat/latte-pour-real-tune,e8c0ad1
2026-05-19T16:06:19+08:00,2026-05-19T11:07:23+08:00,real-ip,192.168.1.151,BW_3N5CRT22,3.0,4,gripper_adjust,left,0.800,left,,,0.050,0.800,success,,0.800,0.800,"[0.000, 0.000, 0.000, 0.000, 0.000, 0.000, 0.000]","[0.000, 0.000, 0.000, 0.000, 0.000, 0.000, 0.000]",tighten,feat/latte-pour-real-tune,e8c0ad1
2026-05-19T16:07:16+08:00,2026-05-19T11:07:23+08:00,real-ip,192.168.1.151,BW_3N5CRT22,3.0,3,gripper_adjust,left,0.850,left,,,0.050,0.850,success,,0.850,0.800,"[0.000, 0.000, 0.000, 0.000, 0.000, 0.000, 0.000]","[0.000, 0.000, 0.000, 0.000, 0.000, 0.000, 0.000]",loosen,feat/latte-pour-real-tune,e8c0ad1
2026-05-19T16:14:52+08:00,2026-05-19T11:07:23+08:00,real-ip,192.168.1.151,BW_3N5CRT22,3.0,15,both_pre_shutdown_vertical_v2,both_arms,"right=(pose=pre_shutdown_vertical_v2, shoulder_pitch=0.000, shoulder_yaw=0.000, shoulder_roll=0.000, elbow_pitch=1.012, wrist_roll=0.000, wrist_pitch=0.000, wrist_yaw=0.000); left=(pose=pre_shutdown_vertical_v2, shoulder_pitch=0.000, shoulder_yaw=0.000, shoulder_roll=0.000, elbow_pitch=1.012, wrist_roll=0.000, wrist_pitch=0.000, wrist_yaw=0.000)",both,,,,"right=(pose=pre_shutdown_vertical_v2, shoulder_pitch=0.000, shoulder_yaw=0.000, shoulder_roll=0.000, elbow_pitch=1.012, wrist_roll=0.000, wrist_pitch=0.000, wrist_yaw=0.000); left=(pose=pre_shutdown_vertical_v2, shoulder_pitch=0.000, shoulder_yaw=0.000, shoulder_roll=0.000, elbow_pitch=1.012, wrist_roll=0.000, wrist_pitch=0.000, wrist_yaw=0.000)",success,,0.850,0.800,"[0.000, 0.000, 0.000, 1.012, 0.000, 0.000, 0.000]","[0.000, 0.000, 0.000, 1.012, 0.000, 0.000, 0.000]",,feat/latte-pour-real-tune,e8c0ad1
2026-05-19T16:14:57+08:00,2026-05-19T11:07:23+08:00,real-ip,192.168.1.151,BW_3N5CRT22,3.0,3,gripper_adjust,left,0.900,left,,,0.050,0.900,success,,0.900,0.800,"[0.000, 0.000, 0.000, 1.012, 0.000, 0.000, 0.000]","[0.000, 0.000, 0.000, 1.012, 0.000, 0.000, 0.000]",loosen,feat/latte-pour-real-tune,e8c0ad1
2026-05-19T16:15:04+08:00,2026-05-19T11:07:23+08:00,real-ip,192.168.1.151,BW_3N5CRT22,3.0,10,arm_home,both,"[0.000, 0.000, 0.000, 0.000, 0.000, 0.000, 0.000]",both,,,,"[0.000, 0.000, 0.000, 0.000, 0.000, 0.000, 0.000]",success,,0.900,0.800,"[0.000, 0.000, 0.000, 0.000, 0.000, 0.000, 0.000]","[0.000, 0.000, 0.000, 0.000, 0.000, 0.000, 0.000]",,feat/latte-pour-real-tune,e8c0ad1
2026-05-19T16:15:15+08:00,2026-05-19T11:07:23+08:00,real-ip,192.168.1.151,BW_3N5CRT22,3.0,4,gripper_adjust,left,0.850,left,,,0.050,0.850,success,,0.850,0.800,"[0.000, 0.000, 0.000, 0.000, 0.000, 0.000, 0.000]","[0.000, 0.000, 0.000, 0.000, 0.000, 0.000, 0.000]",tighten,feat/latte-pour-real-tune,e8c0ad1
2026-05-19T16:15:16+08:00,2026-05-19T11:07:23+08:00,real-ip,192.168.1.151,BW_3N5CRT22,3.0,4,gripper_adjust,left,0.800,left,,,0.050,0.800,success,,0.800,0.800,"[0.000, 0.000, 0.000, 0.000, 0.000, 0.000, 0.000]","[0.000, 0.000, 0.000, 0.000, 0.000, 0.000, 0.000]",tighten,feat/latte-pour-real-tune,e8c0ad1
2026-05-19T16:17:09+08:00,2026-05-19T11:07:23+08:00,real-ip,192.168.1.151,BW_3N5CRT22,3.0,4,gripper_adjust,left,0.750,left,,,0.050,0.750,success,,0.750,0.800,"[0.000, 0.000, 0.000, 0.000, 0.000, 0.000, 0.000]","[0.000, 0.000, 0.000, 0.000, 0.000, 0.000, 0.000]",tighten,feat/latte-pour-real-tune,e8c0ad1
2026-05-19T16:17:14+08:00,2026-05-19T11:07:23+08:00,real-ip,192.168.1.151,BW_3N5CRT22,3.0,4,gripper_adjust,left,0.700,left,,,0.050,0.700,success,,0.700,0.800,"[0.000, 0.000, 0.000, 0.000, 0.000, 0.000, 0.000]","[0.000, 0.000, 0.000, 0.000, 0.000, 0.000, 0.000]",tighten,feat/latte-pour-real-tune,e8c0ad1
2026-05-19T16:17:21+08:00,2026-05-19T11:07:23+08:00,real-ip,192.168.1.151,BW_3N5CRT22,3.0,3,gripper_adjust,left,0.750,left,,,0.050,0.750,success,,0.750,0.800,"[0.000, 0.000, 0.000, 0.000, 0.000, 0.000, 0.000]","[0.000, 0.000, 0.000, 0.000, 0.000, 0.000, 0.000]",loosen,feat/latte-pour-real-tune,e8c0ad1
2026-05-19T16:17:25+08:00,2026-05-19T11:07:23+08:00,real-ip,192.168.1.151,BW_3N5CRT22,3.0,3,gripper_adjust,left,0.800,left,,,0.050,0.800,success,,0.800,0.800,"[0.000, 0.000, 0.000, 0.000, 0.000, 0.000, 0.000]","[0.000, 0.000, 0.000, 0.000, 0.000, 0.000, 0.000]",loosen,feat/latte-pour-real-tune,e8c0ad1
2026-05-19T16:17:31+08:00,2026-05-19T11:07:23+08:00,real-ip,192.168.1.151,BW_3N5CRT22,3.0,3,gripper_adjust,left,0.850,left,,,0.050,0.850,success,,0.850,0.800,"[0.000, 0.000, 0.000, 0.000, 0.000, 0.000, 0.000]","[0.000, 0.000, 0.000, 0.000, 0.000, 0.000, 0.000]",loosen,feat/latte-pour-real-tune,e8c0ad1
2026-05-19T16:17:37+08:00,2026-05-19T11:07:23+08:00,real-ip,192.168.1.151,BW_3N5CRT22,3.0,4,gripper_adjust,left,0.800,left,,,0.050,0.800,success,,0.800,0.800,"[0.000, 0.000, 0.000, 0.000, 0.000, 0.000, 0.000]","[0.000, 0.000, 0.000, 0.000, 0.000, 0.000, 0.000]",tighten,feat/latte-pour-real-tune,e8c0ad1
2026-05-19T16:17:37+08:00,2026-05-19T11:07:23+08:00,real-ip,192.168.1.151,BW_3N5CRT22,3.0,4,gripper_adjust,left,0.750,left,,,0.050,0.750,success,,0.750,0.800,"[0.000, 0.000, 0.000, 0.000, 0.000, 0.000, 0.000]","[0.000, 0.000, 0.000, 0.000, 0.000, 0.000, 0.000]",tighten,feat/latte-pour-real-tune,e8c0ad1
2026-05-19T16:17:38+08:00,2026-05-19T11:07:23+08:00,real-ip,192.168.1.151,BW_3N5CRT22,3.0,4,gripper_adjust,left,0.700,left,,,0.050,0.700,success,,0.700,0.800,"[0.000, 0.000, 0.000, 0.000, 0.000, 0.000, 0.000]","[0.000, 0.000, 0.000, 0.000, 0.000, 0.000, 0.000]",tighten,feat/latte-pour-real-tune,e8c0ad1
2026-05-19T16:18:39+08:00,2026-05-19T11:07:23+08:00,real-ip,192.168.1.151,BW_3N5CRT22,3.0,10,arm_home,both,"[0.000, 0.000, 0.000, 0.000, 0.000, 0.000, 0.000]",both,,,,"[0.000, 0.000, 0.000, 0.000, 0.000, 0.000, 0.000]",success,,0.700,0.800,"[0.000, 0.000, 0.000, 0.000, 0.000, 0.000, 0.000]","[0.000, 0.000, 0.000, 0.000, 0.000, 0.000, 0.000]",,feat/latte-pour-real-tune,e8c0ad1
2026-05-19T16:18:45+08:00,2026-05-19T11:07:23+08:00,real-ip,192.168.1.151,BW_3N5CRT22,3.0,3,gripper_adjust,left,0.750,left,,,0.050,0.750,success,,0.750,0.800,"[0.000, 0.000, 0.000, 0.000, 0.000, 0.000, 0.000]","[0.000, 0.000, 0.000, 0.000, 0.000, 0.000, 0.000]",loosen,feat/latte-pour-real-tune,e8c0ad1
2026-05-19T16:19:21+08:00,2026-05-19T11:07:23+08:00,real-ip,192.168.1.151,BW_3N5CRT22,3.0,4,gripper_adjust,left,0.700,left,,,0.050,0.700,success,,0.700,0.800,"[0.000, 0.000, 0.000, 0.000, 0.000, 0.000, 0.000]","[0.000, 0.000, 0.000, 0.000, 0.000, 0.000, 0.000]",tighten,feat/latte-pour-real-tune,e8c0ad1
2026-05-19T16:19:22+08:00,2026-05-19T11:07:23+08:00,real-ip,192.168.1.151,BW_3N5CRT22,3.0,4,gripper_adjust,left,0.650,left,,,0.050,0.650,success,,0.650,0.800,"[0.000, 0.000, 0.000, 0.000, 0.000, 0.000, 0.000]","[0.000, 0.000, 0.000, 0.000, 0.000, 0.000, 0.000]",tighten,feat/latte-pour-real-tune,e8c0ad1
2026-05-19T16:19:23+08:00,2026-05-19T11:07:23+08:00,real-ip,192.168.1.151,BW_3N5CRT22,3.0,4,gripper_adjust,left,0.600,left,,,0.050,0.600,success,,0.600,0.800,"[0.000, 0.000, 0.000, 0.000, 0.000, 0.000, 0.000]","[0.000, 0.000, 0.000, 0.000, 0.000, 0.000, 0.000]",tighten,feat/latte-pour-real-tune,e8c0ad1
2026-05-19T16:19:23+08:00,2026-05-19T11:07:23+08:00,real-ip,192.168.1.151,BW_3N5CRT22,3.0,4,gripper_adjust,left,0.550,left,,,0.050,0.550,success,,0.550,0.800,"[0.000, 0.000, 0.000, 0.000, 0.000, 0.000, 0.000]","[0.000, 0.000, 0.000, 0.000, 0.000, 0.000, 0.000]",tighten,feat/latte-pour-real-tune,e8c0ad1
2026-05-19T16:19:23+08:00,2026-05-19T11:07:23+08:00,real-ip,192.168.1.151,BW_3N5CRT22,3.0,4,gripper_adjust,left,0.500,left,,,0.050,0.500,success,,0.500,0.800,"[0.000, 0.000, 0.000, 0.000, 0.000, 0.000, 0.000]","[0.000, 0.000, 0.000, 0.000, 0.000, 0.000, 0.000]",tighten,feat/latte-pour-real-tune,e8c0ad1
2026-05-19T16:19:24+08:00,2026-05-19T11:07:23+08:00,real-ip,192.168.1.151,BW_3N5CRT22,3.0,4,gripper_adjust,left,0.450,left,,,0.050,0.450,success,,0.450,0.800,"[0.000, 0.000, 0.000, 0.000, 0.000, 0.000, 0.000]","[0.000, 0.000, 0.000, 0.000, 0.000, 0.000, 0.000]",tighten,feat/latte-pour-real-tune,e8c0ad1
2026-05-19T16:19:24+08:00,2026-05-19T11:07:23+08:00,real-ip,192.168.1.151,BW_3N5CRT22,3.0,4,gripper_adjust,left,0.400,left,,,0.050,0.400,success,,0.400,0.800,"[0.000, 0.000, 0.000, 0.000, 0.000, 0.000, 0.000]","[0.000, 0.000, 0.000, 0.000, 0.000, 0.000, 0.000]",tighten,feat/latte-pour-real-tune,e8c0ad1
2026-05-19T16:19:26+08:00,2026-05-19T11:07:23+08:00,real-ip,192.168.1.151,BW_3N5CRT22,3.0,4,gripper_adjust,left,0.350,left,,,0.050,0.350,success,,0.350,0.800,"[0.000, 0.000, 0.000, 0.000, 0.000, 0.000, 0.000]","[0.000, 0.000, 0.000, 0.000, 0.000, 0.000, 0.000]",tighten,feat/latte-pour-real-tune,e8c0ad1
2026-05-19T16:19:26+08:00,2026-05-19T11:07:23+08:00,real-ip,192.168.1.151,BW_3N5CRT22,3.0,4,gripper_adjust,left,0.300,left,,,0.050,0.300,success,,0.300,0.800,"[0.000, 0.000, 0.000, 0.000, 0.000, 0.000, 0.000]","[0.000, 0.000, 0.000, 0.000, 0.000, 0.000, 0.000]",tighten,feat/latte-pour-real-tune,e8c0ad1
2026-05-19T16:19:27+08:00,2026-05-19T11:07:23+08:00,real-ip,192.168.1.151,BW_3N5CRT22,3.0,4,gripper_adjust,left,0.250,left,,,0.050,0.250,success,,0.250,0.800,"[0.000, 0.000, 0.000, 0.000, 0.000, 0.000, 0.000]","[0.000, 0.000, 0.000, 0.000, 0.000, 0.000, 0.000]",tighten,feat/latte-pour-real-tune,e8c0ad1
2026-05-19T16:19:28+08:00,2026-05-19T11:07:23+08:00,real-ip,192.168.1.151,BW_3N5CRT22,3.0,4,gripper_adjust,left,0.200,left,,,0.050,0.200,success,,0.200,0.800,"[0.000, 0.000, 0.000, 0.000, 0.000, 0.000, 0.000]","[0.000, 0.000, 0.000, 0.000, 0.000, 0.000, 0.000]",tighten,feat/latte-pour-real-tune,e8c0ad1
2026-05-19T16:19:29+08:00,2026-05-19T11:07:23+08:00,real-ip,192.168.1.151,BW_3N5CRT22,3.0,4,gripper_adjust,left,0.150,left,,,0.050,0.150,success,,0.150,0.800,"[0.000, 0.000, 0.000, 0.000, 0.000, 0.000, 0.000]","[0.000, 0.000, 0.000, 0.000, 0.000, 0.000, 0.000]",tighten,feat/latte-pour-real-tune,e8c0ad1
2026-05-19T16:19:37+08:00,2026-05-19T11:07:23+08:00,real-ip,192.168.1.151,BW_3N5CRT22,3.0,4,gripper_adjust,left,0.100,left,,,0.050,0.100,success,,0.100,0.800,"[0.000, 0.000, 0.000, 0.000, 0.000, 0.000, 0.000]","[0.000, 0.000, 0.000, 0.000, 0.000, 0.000, 0.000]",tighten,feat/latte-pour-real-tune,e8c0ad1
2026-05-19T16:19:39+08:00,2026-05-19T11:07:23+08:00,real-ip,192.168.1.151,BW_3N5CRT22,3.0,3,gripper_adjust,left,0.150,left,,,0.050,0.150,success,,0.150,0.800,"[0.000, 0.000, 0.000, 0.000, 0.000, 0.000, 0.000]","[0.000, 0.000, 0.000, 0.000, 0.000, 0.000, 0.000]",loosen,feat/latte-pour-real-tune,e8c0ad1
2026-05-19T16:19:54+08:00,2026-05-19T11:07:23+08:00,real-ip,192.168.1.151,BW_3N5CRT22,3.0,3,gripper_adjust,left,0.200,left,,,0.050,0.200,success,,0.200,0.800,"[0.000, 0.000, 0.000, 0.000, 0.000, 0.000, 0.000]","[0.000, 0.000, 0.000, 0.000, 0.000, 0.000, 0.000]",loosen,feat/latte-pour-real-tune,e8c0ad1
2026-05-19T16:19:56+08:00,2026-05-19T11:07:23+08:00,real-ip,192.168.1.151,BW_3N5CRT22,3.0,3,gripper_adjust,left,0.250,left,,,0.050,0.250,success,,0.250,0.800,"[0.000, 0.000, 0.000, 0.000, 0.000, 0.000, 0.000]","[0.000, 0.000, 0.000, 0.000, 0.000, 0.000, 0.000]",loosen,feat/latte-pour-real-tune,e8c0ad1
2026-05-19T16:19:56+08:00,2026-05-19T11:07:23+08:00,real-ip,192.168.1.151,BW_3N5CRT22,3.0,3,gripper_adjust,left,0.300,left,,,0.050,0.300,success,,0.300,0.800,"[0.000, 0.000, 0.000, 0.000, 0.000, 0.000, 0.000]","[0.000, 0.000, 0.000, 0.000, 0.000, 0.000, 0.000]",loosen,feat/latte-pour-real-tune,e8c0ad1
2026-05-19T16:19:56+08:00,2026-05-19T11:07:23+08:00,real-ip,192.168.1.151,BW_3N5CRT22,3.0,3,gripper_adjust,left,0.350,left,,,0.050,0.350,success,,0.350,0.800,"[0.000, 0.000, 0.000, 0.000, 0.000, 0.000, 0.000]","[0.000, 0.000, 0.000, 0.000, 0.000, 0.000, 0.000]",loosen,feat/latte-pour-real-tune,e8c0ad1
2026-05-19T16:19:57+08:00,2026-05-19T11:07:23+08:00,real-ip,192.168.1.151,BW_3N5CRT22,3.0,3,gripper_adjust,left,0.400,left,,,0.050,0.400,success,,0.400,0.800,"[0.000, 0.000, 0.000, 0.000, 0.000, 0.000, 0.000]","[0.000, 0.000, 0.000, 0.000, 0.000, 0.000, 0.000]",loosen,feat/latte-pour-real-tune,e8c0ad1
2026-05-19T16:19:58+08:00,2026-05-19T11:07:23+08:00,real-ip,192.168.1.151,BW_3N5CRT22,3.0,3,gripper_adjust,left,0.450,left,,,0.050,0.450,success,,0.450,0.800,"[0.000, 0.000, 0.000, 0.000, 0.000, 0.000, 0.000]","[0.000, 0.000, 0.000, 0.000, 0.000, 0.000, 0.000]",loosen,feat/latte-pour-real-tune,e8c0ad1
2026-05-19T16:19:59+08:00,2026-05-19T11:07:23+08:00,real-ip,192.168.1.151,BW_3N5CRT22,3.0,3,gripper_adjust,left,0.500,left,,,0.050,0.500,success,,0.500,0.800,"[0.000, 0.000, 0.000, 0.000, 0.000, 0.000, 0.000]","[0.000, 0.000, 0.000, 0.000, 0.000, 0.000, 0.000]",loosen,feat/latte-pour-real-tune,e8c0ad1
2026-05-19T16:19:59+08:00,2026-05-19T11:07:23+08:00,real-ip,192.168.1.151,BW_3N5CRT22,3.0,3,gripper_adjust,left,0.550,left,,,0.050,0.550,success,,0.550,0.800,"[0.000, 0.000, 0.000, 0.000, 0.000, 0.000, 0.000]","[0.000, 0.000, 0.000, 0.000, 0.000, 0.000, 0.000]",loosen,feat/latte-pour-real-tune,e8c0ad1
2026-05-19T16:19:59+08:00,2026-05-19T11:07:23+08:00,real-ip,192.168.1.151,BW_3N5CRT22,3.0,3,gripper_adjust,left,0.600,left,,,0.050,0.600,success,,0.600,0.800,"[0.000, 0.000, 0.000, 0.000, 0.000, 0.000, 0.000]","[0.000, 0.000, 0.000, 0.000, 0.000, 0.000, 0.000]",loosen,feat/latte-pour-real-tune,e8c0ad1
2026-05-19T16:20:00+08:00,2026-05-19T11:07:23+08:00,real-ip,192.168.1.151,BW_3N5CRT22,3.0,3,gripper_adjust,left,0.650,left,,,0.050,0.650,success,,0.650,0.800,"[0.000, 0.000, 0.000, 0.000, 0.000, 0.000, 0.000]","[0.000, 0.000, 0.000, 0.000, 0.000, 0.000, 0.000]",loosen,feat/latte-pour-real-tune,e8c0ad1
2026-05-19T16:20:00+08:00,2026-05-19T11:07:23+08:00,real-ip,192.168.1.151,BW_3N5CRT22,3.0,3,gripper_adjust,left,0.700,left,,,0.050,0.700,success,,0.700,0.800,"[0.000, 0.000, 0.000, 0.000, 0.000, 0.000, 0.000]","[0.000, 0.000, 0.000, 0.000, 0.000, 0.000, 0.000]",loosen,feat/latte-pour-real-tune,e8c0ad1
2026-05-19T16:22:53+08:00,2026-05-19T11:07:23+08:00,real-ip,192.168.1.151,BW_3N5CRT22,3.0,3,gripper_adjust,left,0.750,left,,,0.050,0.750,success,,0.750,0.800,"[0.000, 0.000, 0.000, 0.000, 0.000, 0.000, 0.000]","[0.000, 0.000, 0.000, 0.000, 0.000, 0.000, 0.000]",loosen,feat/latte-pour-real-tune,e8c0ad1
2026-05-19T16:57:40+08:00,2026-05-19T11:07:23+08:00,real-ip,192.168.1.151,BW_3N5CRT22,3.0,15,both_pre_shutdown_vertical_v2,both_arms,"right=(pose=pre_shutdown_vertical_v2, shoulder_pitch=0.000, shoulder_yaw=0.000, shoulder_roll=0.000, elbow_pitch=1.012, wrist_roll=0.000, wrist_pitch=0.000, wrist_yaw=0.000); left=(pose=pre_shutdown_vertical_v2, shoulder_pitch=0.000, shoulder_yaw=0.000, shoulder_roll=0.000, elbow_pitch=1.012, wrist_roll=0.000, wrist_pitch=0.000, wrist_yaw=0.000)",both,,,,"right=(pose=pre_shutdown_vertical_v2, shoulder_pitch=0.000, shoulder_yaw=0.000, shoulder_roll=0.000, elbow_pitch=1.012, wrist_roll=0.000, wrist_pitch=0.000, wrist_yaw=0.000); left=(pose=pre_shutdown_vertical_v2, shoulder_pitch=0.000, shoulder_yaw=0.000, shoulder_roll=0.000, elbow_pitch=1.012, wrist_roll=0.000, wrist_pitch=0.000, wrist_yaw=0.000)",success,,0.750,0.800,"[0.000, 0.000, 0.000, 1.012, 0.000, 0.000, 0.000]","[0.000, 0.000, 0.000, 1.012, 0.000, 0.000, 0.000]",,feat/latte-pour-real-tune,e8c0ad1
2026-05-19T16:57:46+08:00,2026-05-19T11:07:23+08:00,real-ip,192.168.1.151,BW_3N5CRT22,3.0,10,arm_home,both,"[0.000, 0.000, 0.000, 0.000, 0.000, 0.000, 0.000]",both,,,,"[0.000, 0.000, 0.000, 0.000, 0.000, 0.000, 0.000]",success,,0.750,0.800,"[0.000, 0.000, 0.000, 0.000, 0.000, 0.000, 0.000]","[0.000, 0.000, 0.000, 0.000, 0.000, 0.000, 0.000]",,feat/latte-pour-real-tune,e8c0ad1
2026-05-19T16:58:05+08:00,2026-05-19T11:07:23+08:00,real-ip,192.168.1.151,BW_3N5CRT22,3.0,15,both_pre_shutdown_vertical_v2,both_arms,"right=(pose=pre_shutdown_vertical_v2, shoulder_pitch=0.000, shoulder_yaw=0.000, shoulder_roll=0.000, elbow_pitch=1.012, wrist_roll=0.000, wrist_pitch=0.000, wrist_yaw=0.000); left=(pose=pre_shutdown_vertical_v2, shoulder_pitch=0.000, shoulder_yaw=0.000, shoulder_roll=0.000, elbow_pitch=1.012, wrist_roll=0.000, wrist_pitch=0.000, wrist_yaw=0.000)",both,,,,"right=(pose=pre_shutdown_vertical_v2, shoulder_pitch=0.000, shoulder_yaw=0.000, shoulder_roll=0.000, elbow_pitch=1.012, wrist_roll=0.000, wrist_pitch=0.000, wrist_yaw=0.000); left=(pose=pre_shutdown_vertical_v2, shoulder_pitch=0.000, shoulder_yaw=0.000, shoulder_roll=0.000, elbow_pitch=1.012, wrist_roll=0.000, wrist_pitch=0.000, wrist_yaw=0.000)",success,,0.750,0.800,"[0.000, 0.000, 0.000, 1.012, 0.000, 0.000, 0.000]","[0.000, 0.000, 0.000, 1.012, 0.000, 0.000, 0.000]",,feat/latte-pour-real-tune,e8c0ad1
2026-05-19T16:58:10+08:00,2026-05-19T11:07:23+08:00,real-ip,192.168.1.151,BW_3N5CRT22,3.0,10,arm_home,both,"[0.000, 0.000, 0.000, 0.000, 0.000, 0.000, 0.000]",both,,,,"[0.000, 0.000, 0.000, 0.000, 0.000, 0.000, 0.000]",success,,0.750,0.800,"[0.000, 0.000, 0.000, 0.000, 0.000, 0.000, 0.000]","[0.000, 0.000, 0.000, 0.000, 0.000, 0.000, 0.000]",,feat/latte-pour-real-tune,e8c0ad1
2026-05-19T16:58:16+08:00,2026-05-19T11:07:23+08:00,real-ip,192.168.1.151,BW_3N5CRT22,3.0,4,gripper_adjust,left,0.700,left,,,0.050,0.700,success,,0.700,0.800,"[0.000, 0.000, 0.000, 0.000, 0.000, 0.000, 0.000]","[0.000, 0.000, 0.000, 0.000, 0.000, 0.000, 0.000]",tighten,feat/latte-pour-real-tune,e8c0ad1
2026-05-19T16:58:16+08:00,2026-05-19T11:07:23+08:00,real-ip,192.168.1.151,BW_3N5CRT22,3.0,4,gripper_adjust,left,0.650,left,,,0.050,0.650,success,,0.650,0.800,"[0.000, 0.000, 0.000, 0.000, 0.000, 0.000, 0.000]","[0.000, 0.000, 0.000, 0.000, 0.000, 0.000, 0.000]",tighten,feat/latte-pour-real-tune,e8c0ad1
2026-05-19T16:58:17+08:00,2026-05-19T11:07:23+08:00,real-ip,192.168.1.151,BW_3N5CRT22,3.0,4,gripper_adjust,left,0.600,left,,,0.050,0.600,success,,0.600,0.800,"[0.000, 0.000, 0.000, 0.000, 0.000, 0.000, 0.000]","[0.000, 0.000, 0.000, 0.000, 0.000, 0.000, 0.000]",tighten,feat/latte-pour-real-tune,e8c0ad1
2026-05-19T16:58:17+08:00,2026-05-19T11:07:23+08:00,real-ip,192.168.1.151,BW_3N5CRT22,3.0,4,gripper_adjust,left,0.550,left,,,0.050,0.550,success,,0.550,0.800,"[0.000, 0.000, 0.000, 0.000, 0.000, 0.000, 0.000]","[0.000, 0.000, 0.000, 0.000, 0.000, 0.000, 0.000]",tighten,feat/latte-pour-real-tune,e8c0ad1
2026-05-19T16:58:17+08:00,2026-05-19T11:07:23+08:00,real-ip,192.168.1.151,BW_3N5CRT22,3.0,4,gripper_adjust,left,0.500,left,,,0.050,0.500,success,,0.500,0.800,"[0.000, 0.000, 0.000, 0.000, 0.000, 0.000, 0.000]","[0.000, 0.000, 0.000, 0.000, 0.000, 0.000, 0.000]",tighten,feat/latte-pour-real-tune,e8c0ad1
2026-05-19T16:58:18+08:00,2026-05-19T11:07:23+08:00,real-ip,192.168.1.151,BW_3N5CRT22,3.0,4,gripper_adjust,left,0.450,left,,,0.050,0.450,success,,0.450,0.800,"[0.000, 0.000, 0.000, 0.000, 0.000, 0.000, 0.000]","[0.000, 0.000, 0.000, 0.000, 0.000, 0.000, 0.000]",tighten,feat/latte-pour-real-tune,e8c0ad1
2026-05-19T16:58:18+08:00,2026-05-19T11:07:23+08:00,real-ip,192.168.1.151,BW_3N5CRT22,3.0,4,gripper_adjust,left,0.400,left,,,0.050,0.400,success,,0.400,0.800,"[0.000, 0.000, 0.000, 0.000, 0.000, 0.000, 0.000]","[0.000, 0.000, 0.000, 0.000, 0.000, 0.000, 0.000]",tighten,feat/latte-pour-real-tune,e8c0ad1
2026-05-19T16:58:18+08:00,2026-05-19T11:07:23+08:00,real-ip,192.168.1.151,BW_3N5CRT22,3.0,4,gripper_adjust,left,0.350,left,,,0.050,0.350,success,,0.350,0.800,"[0.000, 0.000, 0.000, 0.000, 0.000, 0.000, 0.000]","[0.000, 0.000, 0.000, 0.000, 0.000, 0.000, 0.000]",tighten,feat/latte-pour-real-tune,e8c0ad1
2026-05-19T16:58:18+08:00,2026-05-19T11:07:23+08:00,real-ip,192.168.1.151,BW_3N5CRT22,3.0,4,gripper_adjust,left,0.300,left,,,0.050,0.300,success,,0.300,0.800,"[0.000, 0.000, 0.000, 0.000, 0.000, 0.000, 0.000]","[0.000, 0.000, 0.000, 0.000, 0.000, 0.000, 0.000]",tighten,feat/latte-pour-real-tune,e8c0ad1
2026-05-19T16:58:18+08:00,2026-05-19T11:07:23+08:00,real-ip,192.168.1.151,BW_3N5CRT22,3.0,4,gripper_adjust,left,0.250,left,,,0.050,0.250,success,,0.250,0.800,"[0.000, 0.000, 0.000, 0.000, 0.000, 0.000, 0.000]","[0.000, 0.000, 0.000, 0.000, 0.000, 0.000, 0.000]",tighten,feat/latte-pour-real-tune,e8c0ad1
2026-05-19T16:58:19+08:00,2026-05-19T11:07:23+08:00,real-ip,192.168.1.151,BW_3N5CRT22,3.0,4,gripper_adjust,left,0.200,left,,,0.050,0.200,success,,0.200,0.800,"[0.000, 0.000, 0.000, 0.000, 0.000, 0.000, 0.000]","[0.000, 0.000, 0.000, 0.000, 0.000, 0.000, 0.000]",tighten,feat/latte-pour-real-tune,e8c0ad1
2026-05-19T16:58:19+08:00,2026-05-19T11:07:23+08:00,real-ip,192.168.1.151,BW_3N5CRT22,3.0,4,gripper_adjust,left,0.150,left,,,0.050,0.150,success,,0.150,0.800,"[0.000, 0.000, 0.000, 0.000, 0.000, 0.000, 0.000]","[0.000, 0.000, 0.000, 0.000, 0.000, 0.000, 0.000]",tighten,feat/latte-pour-real-tune,e8c0ad1
2026-05-19T16:58:19+08:00,2026-05-19T11:07:23+08:00,real-ip,192.168.1.151,BW_3N5CRT22,3.0,4,gripper_adjust,left,0.100,left,,,0.050,0.100,success,,0.100,0.800,"[0.000, 0.000, 0.000, 0.000, 0.000, 0.000, 0.000]","[0.000, 0.000, 0.000, 0.000, 0.000, 0.000, 0.000]",tighten,feat/latte-pour-real-tune,e8c0ad1
2026-05-19T16:58:20+08:00,2026-05-19T11:07:23+08:00,real-ip,192.168.1.151,BW_3N5CRT22,3.0,4,gripper_adjust,left,0.050,left,,,0.050,0.050,success,,0.050,0.800,"[0.000, 0.000, 0.000, 0.000, 0.000, 0.000, 0.000]","[0.000, 0.000, 0.000, 0.000, 0.000, 0.000, 0.000]",tighten,feat/latte-pour-real-tune,e8c0ad1
2026-05-19T16:58:21+08:00,2026-05-19T11:07:23+08:00,real-ip,192.168.1.151,BW_3N5CRT22,3.0,4,gripper_adjust,left,0.000,left,,,0.050,0.000,success,,0.000,0.800,"[0.000, 0.000, 0.000, 0.000, 0.000, 0.000, 0.000]","[0.000, 0.000, 0.000, 0.000, 0.000, 0.000, 0.000]",tighten,feat/latte-pour-real-tune,e8c0ad1
2026-05-19T16:58:22+08:00,2026-05-19T11:07:23+08:00,real-ip,192.168.1.151,BW_3N5CRT22,3.0,4,gripper_adjust,left,0.000,left,,,0.050,0.000,skipped,,0.000,0.800,"[0.000, 0.000, 0.000, 0.000, 0.000, 0.000, 0.000]","[0.000, 0.000, 0.000, 0.000, 0.000, 0.000, 0.000]",tighten,feat/latte-pour-real-tune,e8c0ad1
2026-05-19T16:58:27+08:00,2026-05-19T11:07:23+08:00,real-ip,192.168.1.151,BW_3N5CRT22,3.0,3,gripper_adjust,left,0.050,left,,,0.050,0.050,success,,0.050,0.800,"[0.000, 0.000, 0.000, 0.000, 0.000, 0.000, 0.000]","[0.000, 0.000, 0.000, 0.000, 0.000, 0.000, 0.000]",loosen,feat/latte-pour-real-tune,e8c0ad1
2026-05-19T16:58:29+08:00,2026-05-19T11:07:23+08:00,real-ip,192.168.1.151,BW_3N5CRT22,3.0,4,gripper_adjust,left,0.000,left,,,0.050,0.000,success,,0.000,0.800,"[0.000, 0.000, 0.000, 0.000, 0.000, 0.000, 0.000]","[0.000, 0.000, 0.000, 0.000, 0.000, 0.000, 0.000]",tighten,feat/latte-pour-real-tune,e8c0ad1
2026-05-19T17:00:47+08:00,2026-05-19T11:07:23+08:00,real-ip,192.168.1.151,BW_3N5CRT22,3.0,3,gripper_adjust,left,0.050,left,,,0.050,0.050,success,,0.050,0.800,"[0.000, 0.000, 0.000, 0.000, 0.000, 0.000, 0.000]","[0.000, 0.000, 0.000, 0.000, 0.000, 0.000, 0.000]",loosen,feat/latte-pour-real-tune,e8c0ad1
2026-05-19T17:00:52+08:00,2026-05-19T11:07:23+08:00,real-ip,192.168.1.151,BW_3N5CRT22,3.0,3,gripper_adjust,left,0.100,left,,,0.050,0.100,success,,0.100,0.800,"[0.000, 0.000, 0.000, 0.000, 0.000, 0.000, 0.000]","[0.000, 0.000, 0.000, 0.000, 0.000, 0.000, 0.000]",loosen,feat/latte-pour-real-tune,e8c0ad1
2026-05-19T17:00:56+08:00,2026-05-19T11:07:23+08:00,real-ip,192.168.1.151,BW_3N5CRT22,3.0,3,gripper_adjust,left,0.150,left,,,0.050,0.150,success,,0.150,0.800,"[0.000, 0.000, 0.000, 0.000, 0.000, 0.000, 0.000]","[0.000, 0.000, 0.000, 0.000, 0.000, 0.000, 0.000]",loosen,feat/latte-pour-real-tune,e8c0ad1
2026-05-19T17:01:04+08:00,2026-05-19T11:07:23+08:00,real-ip,192.168.1.151,BW_3N5CRT22,3.0,6,open_gripper,left,,left,,,,,cancelled,,0.150,0.800,"[0.000, 0.000, 0.000, 0.000, 0.000, 0.000, 0.000]","[0.000, 0.000, 0.000, 0.000, 0.000, 0.000, 0.000]",,feat/latte-pour-real-tune,e8c0ad1
2026-05-19T17:01:08+08:00,2026-05-19T11:07:23+08:00,real-ip,192.168.1.151,BW_3N5CRT22,3.0,1,gripper_adjust,right,0.850,right,,,0.050,0.850,success,,0.150,0.850,"[0.000, 0.000, 0.000, 0.000, 0.000, 0.000, 0.000]","[0.000, 0.000, 0.000, 0.000, 0.000, 0.000, 0.000]",loosen,feat/latte-pour-real-tune,e8c0ad1
2026-05-19T17:01:15+08:00,2026-05-19T11:07:23+08:00,real-ip,192.168.1.151,BW_3N5CRT22,3.0,3,gripper_adjust,left,0.200,left,,,0.050,0.200,success,,0.200,0.850,"[0.000, 0.000, 0.000, 0.000, 0.000, 0.000, 0.000]","[0.000, 0.000, 0.000, 0.000, 0.000, 0.000, 0.000]",loosen,feat/latte-pour-real-tune,e8c0ad1
2026-05-19T17:01:29+08:00,2026-05-19T11:07:23+08:00,real-ip,192.168.1.151,BW_3N5CRT22,3.0,2,gripper_adjust,right,0.800,right,,,0.050,0.800,success,,0.200,0.800,"[0.000, 0.000, 0.000, 0.000, 0.000, 0.000, 0.000]","[0.000, 0.000, 0.000, 0.000, 0.000, 0.000, 0.000]",tighten,feat/latte-pour-real-tune,e8c0ad1
2026-05-19T17:01:32+08:00,2026-05-19T11:07:23+08:00,real-ip,192.168.1.151,BW_3N5CRT22,3.0,3,gripper_adjust,left,0.250,left,,,0.050,0.250,success,,0.250,0.800,"[0.000, 0.000, 0.000, 0.000, 0.000, 0.000, 0.000]","[0.000, 0.000, 0.000, 0.000, 0.000, 0.000, 0.000]",loosen,feat/latte-pour-real-tune,e8c0ad1
2026-05-19T17:01:34+08:00,2026-05-19T11:07:23+08:00,real-ip,192.168.1.151,BW_3N5CRT22,3.0,3,gripper_adjust,left,0.300,left,,,0.050,0.300,success,,0.300,0.800,"[0.000, 0.000, 0.000, 0.000, 0.000, 0.000, 0.000]","[0.000, 0.000, 0.000, 0.000, 0.000, 0.000, 0.000]",loosen,feat/latte-pour-real-tune,e8c0ad1
2026-05-19T17:01:34+08:00,2026-05-19T11:07:23+08:00,real-ip,192.168.1.151,BW_3N5CRT22,3.0,3,gripper_adjust,left,0.350,left,,,0.050,0.350,success,,0.350,0.800,"[0.000, 0.000, 0.000, 0.000, 0.000, 0.000, 0.000]","[0.000, 0.000, 0.000, 0.000, 0.000, 0.000, 0.000]",loosen,feat/latte-pour-real-tune,e8c0ad1
2026-05-19T17:01:36+08:00,2026-05-19T11:07:23+08:00,real-ip,192.168.1.151,BW_3N5CRT22,3.0,3,gripper_adjust,left,0.400,left,,,0.050,0.400,success,,0.400,0.800,"[0.000, 0.000, 0.000, 0.000, 0.000, 0.000, 0.000]","[0.000, 0.000, 0.000, 0.000, 0.000, 0.000, 0.000]",loosen,feat/latte-pour-real-tune,e8c0ad1
2026-05-19T17:01:37+08:00,2026-05-19T11:07:23+08:00,real-ip,192.168.1.151,BW_3N5CRT22,3.0,3,gripper_adjust,left,0.450,left,,,0.050,0.450,success,,0.450,0.800,"[0.000, 0.000, 0.000, 0.000, 0.000, 0.000, 0.000]","[0.000, 0.000, 0.000, 0.000, 0.000, 0.000, 0.000]",loosen,feat/latte-pour-real-tune,e8c0ad1
2026-05-19T17:01:38+08:00,2026-05-19T11:07:23+08:00,real-ip,192.168.1.151,BW_3N5CRT22,3.0,3,gripper_adjust,left,0.500,left,,,0.050,0.500,success,,0.500,0.800,"[0.000, 0.000, 0.000, 0.000, 0.000, 0.000, 0.000]","[0.000, 0.000, 0.000, 0.000, 0.000, 0.000, 0.000]",loosen,feat/latte-pour-real-tune,e8c0ad1
2026-05-19T17:01:38+08:00,2026-05-19T11:07:23+08:00,real-ip,192.168.1.151,BW_3N5CRT22,3.0,3,gripper_adjust,left,0.550,left,,,0.050,0.550,success,,0.550,0.800,"[0.000, 0.000, 0.000, 0.000, 0.000, 0.000, 0.000]","[0.000, 0.000, 0.000, 0.000, 0.000, 0.000, 0.000]",loosen,feat/latte-pour-real-tune,e8c0ad1
2026-05-19T17:01:38+08:00,2026-05-19T11:07:23+08:00,real-ip,192.168.1.151,BW_3N5CRT22,3.0,3,gripper_adjust,left,0.600,left,,,0.050,0.600,success,,0.600,0.800,"[0.000, 0.000, 0.000, 0.000, 0.000, 0.000, 0.000]","[0.000, 0.000, 0.000, 0.000, 0.000, 0.000, 0.000]",loosen,feat/latte-pour-real-tune,e8c0ad1
2026-05-19T17:01:39+08:00,2026-05-19T11:07:23+08:00,real-ip,192.168.1.151,BW_3N5CRT22,3.0,3,gripper_adjust,left,0.650,left,,,0.050,0.650,success,,0.650,0.800,"[0.000, 0.000, 0.000, 0.000, 0.000, 0.000, 0.000]","[0.000, 0.000, 0.000, 0.000, 0.000, 0.000, 0.000]",loosen,feat/latte-pour-real-tune,e8c0ad1
2026-05-19T17:01:39+08:00,2026-05-19T11:07:23+08:00,real-ip,192.168.1.151,BW_3N5CRT22,3.0,3,gripper_adjust,left,0.700,left,,,0.050,0.700,success,,0.700,0.800,"[0.000, 0.000, 0.000, 0.000, 0.000, 0.000, 0.000]","[0.000, 0.000, 0.000, 0.000, 0.000, 0.000, 0.000]",loosen,feat/latte-pour-real-tune,e8c0ad1
2026-05-19T17:01:40+08:00,2026-05-19T11:07:23+08:00,real-ip,192.168.1.151,BW_3N5CRT22,3.0,3,gripper_adjust,left,0.750,left,,,0.050,0.750,success,,0.750,0.800,"[0.000, 0.000, 0.000, 0.000, 0.000, 0.000, 0.000]","[0.000, 0.000, 0.000, 0.000, 0.000, 0.000, 0.000]",loosen,feat/latte-pour-real-tune,e8c0ad1
2026-05-19T17:01:40+08:00,2026-05-19T11:07:23+08:00,real-ip,192.168.1.151,BW_3N5CRT22,3.0,3,gripper_adjust,left,0.800,left,,,0.050,0.800,success,,0.800,0.800,"[0.000, 0.000, 0.000, 0.000, 0.000, 0.000, 0.000]","[0.000, 0.000, 0.000, 0.000, 0.000, 0.000, 0.000]",loosen,feat/latte-pour-real-tune,e8c0ad1
2026-05-19T17:07:10+08:00,2026-05-19T11:07:23+08:00,real-ip,192.168.1.151,BW_3N5CRT22,3.0,10,arm_home,both,"[0.000, 0.000, 0.000, 0.000, 0.000, 0.000, 0.000]",both,,,,"[0.000, 0.000, 0.000, 0.000, 0.000, 0.000, 0.000]",success,,0.800,0.800,"[0.000, 0.000, 0.000, 0.000, 0.000, 0.000, 0.000]","[0.000, 0.000, 0.000, 0.000, 0.000, 0.000, 0.000]",,feat/latte-pour-real-tune,e8c0ad1
2026-05-19T17:25:04+08:00,2026-05-19T11:07:23+08:00,real-ip,192.168.1.151,BW_3N5CRT22,3.0,15,both_pre_shutdown_vertical_v2,both_arms,"right=(pose=pre_shutdown_vertical_v2, shoulder_pitch=0.000, shoulder_yaw=0.000, shoulder_roll=0.000, elbow_pitch=1.012, wrist_roll=0.000, wrist_pitch=0.000, wrist_yaw=0.000); left=(pose=pre_shutdown_vertical_v2, shoulder_pitch=0.000, shoulder_yaw=0.000, shoulder_roll=0.000, elbow_pitch=1.012, wrist_roll=0.000, wrist_pitch=0.000, wrist_yaw=0.000)",both,,,,"right=(pose=pre_shutdown_vertical_v2, shoulder_pitch=0.000, shoulder_yaw=0.000, shoulder_roll=0.000, elbow_pitch=1.012, wrist_roll=0.000, wrist_pitch=0.000, wrist_yaw=0.000); left=(pose=pre_shutdown_vertical_v2, shoulder_pitch=0.000, shoulder_yaw=0.000, shoulder_roll=0.000, elbow_pitch=1.012, wrist_roll=0.000, wrist_pitch=0.000, wrist_yaw=0.000)",success,,0.800,0.800,"[0.000, 0.000, 0.000, 1.012, 0.000, 0.000, 0.000]","[0.000, 0.000, 0.000, 1.012, 0.000, 0.000, 0.000]",,feat/latte-pour-real-tune,e8c0ad1
2026-05-19T17:25:09+08:00,2026-05-19T11:07:23+08:00,real-ip,192.168.1.151,BW_3N5CRT22,3.0,5,open_gripper,right,1.00,right,,,,1.00,success,,0.800,1.000,"[0.000, 0.000, 0.000, 1.012, 0.000, 0.000, 0.000]","[0.000, 0.000, 0.000, 1.012, 0.000, 0.000, 0.000]",,feat/latte-pour-real-tune,e8c0ad1
2026-05-19T17:25:26+08:00,2026-05-19T11:07:23+08:00,real-ip,192.168.1.151,BW_3N5CRT22,3.0,10,arm_home,both,"[0.000, 0.000, 0.000, 0.000, 0.000, 0.000, 0.000]",both,,,,"[0.000, 0.000, 0.000, 0.000, 0.000, 0.000, 0.000]",success,,0.800,1.000,"[0.000, 0.000, 0.000, 0.000, 0.000, 0.000, 0.000]","[0.000, 0.000, 0.000, 0.000, 0.000, 0.000, 0.000]",,feat/latte-pour-real-tune,e8c0ad1
2026-05-19T17:25:34+08:00,2026-05-19T11:07:23+08:00,real-ip,192.168.1.151,BW_3N5CRT22,3.0,5,open_gripper,right,1.00,right,,,,1.00,success,,0.800,1.000,"[0.000, 0.000, 0.000, 0.000, 0.000, 0.000, 0.000]","[0.000, 0.000, 0.000, 0.000, 0.000, 0.000, 0.000]",,feat/latte-pour-real-tune,e8c0ad1
2026-05-19T17:25:57+08:00,2026-05-19T11:07:23+08:00,real-ip,192.168.1.151,BW_3N5CRT22,3.0,5,open_gripper,right,1.00,right,,,,1.00,success,,0.800,1.000,"[0.000, 0.000, 0.000, 0.000, 0.000, 0.000, 0.000]","[0.000, 0.000, 0.000, 0.000, 0.000, 0.000, 0.000]",,feat/latte-pour-real-tune,e8c0ad1
2026-05-19T17:27:01+08:00,2026-05-19T11:07:23+08:00,real-ip,192.168.1.151,BW_3N5CRT22,3.0,5,open_gripper,right,1.00,right,,,,1.00,success,,0.800,1.000,"[0.000, 0.000, 0.000, 0.000, 0.000, 0.000, 0.000]","[0.000, 0.000, 0.000, 0.000, 0.000, 0.000, 0.000]",,feat/latte-pour-real-tune,e8c0ad1
2026-05-19T17:30:10+08:00,2026-05-19T11:07:23+08:00,real-ip,192.168.1.151,BW_3N5CRT22,3.0,interrupt,keyboard_interrupt,,,,,,,,interrupted,,0.800,1.000,"[0.000, 0.000, 0.000, 0.000, 0.000, 0.000, 0.000]","[0.000, 0.000, 0.000, 0.000, 0.000, 0.000, 0.000]",,feat/latte-pour-real-tune,e8c0ad1
2026-05-19T17:30:10+08:00,2026-05-19T11:07:23+08:00,real-ip,192.168.1.151,BW_3N5CRT22,3.0,session,disconnect,,,,,,,,success,,0.800,1.000,"[0.000, 0.000, 0.000, 0.000, 0.000, 0.000, 0.000]","[0.000, 0.000, 0.000, 0.000, 0.000, 0.000, 0.000]",,feat/latte-pour-real-tune,e8c0ad1
2026-05-19T17:30:15+08:00,2026-05-19T17:30:13+08:00,real-ip,192.168.1.151,BW_3N5CRT22,3.0,session,connect,,,,,,,,success,,0.800,0.800,"[?, ?, ?, ?, ?, ?, ?]","[?, ?, ?, ?, ?, ?, ?]",,feat/latte-pour-real-tune,577947c
2026-05-19T17:44:28+08:00,2026-05-19T17:30:13+08:00,real-ip,192.168.1.151,BW_3N5CRT22,3.0,15,both_pre_shutdown_vertical_v2,both_arms,"right=(pose=pre_shutdown_vertical_v2, shoulder_pitch=0.000, shoulder_yaw=0.000, shoulder_roll=0.000, elbow_pitch=1.012, wrist_roll=0.000, wrist_pitch=0.000, wrist_yaw=0.000); left=(pose=pre_shutdown_vertical_v2, shoulder_pitch=0.000, shoulder_yaw=0.000, shoulder_roll=0.000, elbow_pitch=1.012, wrist_roll=0.000, wrist_pitch=0.000, wrist_yaw=0.000)",both,,,,"right=(pose=pre_shutdown_vertical_v2, shoulder_pitch=0.000, shoulder_yaw=0.000, shoulder_roll=0.000, elbow_pitch=1.012, wrist_roll=0.000, wrist_pitch=0.000, wrist_yaw=0.000); left=(pose=pre_shutdown_vertical_v2, shoulder_pitch=0.000, shoulder_yaw=0.000, shoulder_roll=0.000, elbow_pitch=1.012, wrist_roll=0.000, wrist_pitch=0.000, wrist_yaw=0.000)",success,,0.800,0.800,"[0.000, 0.000, 0.000, 1.012, 0.000, 0.000, 0.000]","[0.000, 0.000, 0.000, 1.012, 0.000, 0.000, 0.000]",,feat/latte-pour-real-tune,577947c
2026-05-19T17:44:35+08:00,2026-05-19T17:30:13+08:00,real-ip,192.168.1.151,BW_3N5CRT22,3.0,1,gripper_adjust,right,0.850,right,,,0.050,0.850,success,,0.800,0.850,"[0.000, 0.000, 0.000, 1.012, 0.000, 0.000, 0.000]","[0.000, 0.000, 0.000, 1.012, 0.000, 0.000, 0.000]",loosen,feat/latte-pour-real-tune,577947c
